582e86b6-3ba8-33c1-a9a6-300ffb7a1867,Dr.,Genesis,Emmerich,"43 Donnelly Inlet Suite 983",Poblacion,"Tomas Oppus",Albay,Array,617-833-308,"(0971) 666-2588","Olson and Sons","Olson and Sons.biz","Home Health Aide",White,1985-03-03,betsy99@sauer.com,"Oz:\^#'6{DX(TH"
86edc9ec-fcf5-3282-999f-a0eeacaf005f,Prof.,Eunice,Jacobson,"74/49 Lueilwitz Divide",Poblacion,Bamban,Marinduque,Array,456-181-850,"+63 (906) 977-2133","Dibbert, Auer and Smitham","Dibbert, Auer and Smitham.biz","Forensic Investigator",DarkSlateBlue,1986-08-16,rbashirian@yahoo.com,"#&buK]Q5""9^WLK<M"
0e2a6ae8-c2b2-34b8-9a22-c19ab16170a0,Mrs.,Myrtle,Rempel,"55 Morissette Gardens",Poblacion,Nasipit,"Ilocos Sur",Array,527-635-427,"+63 (937) 449-6056",Stamm-Buckridge,Stamm-Buckridge.info,"Corporate Trainer",Lavender,2007-12-02,bruen.lorenza@mosciski.net,9^QS!A<
096647d2-aab2-33c2-b389-1ba991e010fd,Prof.,Carley,Daugherty,"61 Baumbach Shoals",Poblacion,Pamplona,"Mountain Province",Array,344-157-818,"+63 (929) 398-7778",Green-Heathcote,Green-Heathcote.com,"Dental Assistant",SandyBrown,1971-12-01,crona.gerry@hegmann.info,"\?%8:0W3O?Kj-L~d@q"
2b7c3907-ace9-3aa0-9f27-c7a5d1bb8550,Prof.,Ferne,Pagac,"33A Wunsch Rest",Poblacion,Maasim,Guimaras,Array,792-262-942,"+63 (936) 686-6885","Quigley, Dibbert and Collier","Quigley, Dibbert and Collier.com","Jewelry Model OR Mold Makers",Pink,2020-04-25,chasity61@schinner.biz,_@I3d6pO}49sbpt@
9ea2aa66-a0d2-3779-8193-134198cb20f2,Dr.,Deshawn,Deckow,"76A/18 Gorczany Ville",Poblacion,"La Paz",Tarlac,Array,576-977-657,"+63 (978) 262-8034","Grimes, Boyer and Schowalter","Grimes, Boyer and Schowalter.com","Armored Assault Vehicle Officer",HotPink,1986-04-28,vena.howe@hotmail.com,xJX`kb;-'m;f}bY_p
bc176a63-a42b-3bb6-b8ed-7e7f42916f8a,Mr.,Alfonso,Breitenberg,"65A Ritchie Fall",Poblacion,Naval,Pangasinan,Array,569-205-884,"(0977) 129-1975","Simonis, Homenick and Hermiston","Simonis, Homenick and Hermiston.com","Scientific Photographer",DarkGray,2006-07-17,celine.schultz@hotmail.com,"=3H,7H&De*""Jv7G:)"
51ab2be7-df4c-3751-9849-69e6ba2e8862,Prof.,Erik,Collier,"89 Goyette Streets",Poblacion,Famy,Sulu,Array,998-090-469,"+63 (947) 779-7196",Rohan-Jacobi,Rohan-Jacobi.info,"Infantry Officer",MediumTurquoise,2011-02-04,mbraun@frami.com,"D""^ekZo0m5^tZx%iC"
54a24f76-3cbe-3747-9e51-ead31255aef5,Dr.,Hilda,Batz,"00A/79 Walsh Circles",Poblacion,Famy,"Camarines Sur",Array,478-406-188,"(0911) 868-6649",Ondricka-Hackett,Ondricka-Hackett.net,"Mechanical Door Repairer",MediumAquaMarine,1971-07-28,alexander23@bednar.info,"?@=9oEgpLA=\"
c888ac1b-89dd-3f67-9ad2-92447d8d2657,Ms.,Curtis,Fisher,"74A Littel Manor",Poblacion,Barobo,Quirino,Array,467-738-701,"(0929) 755-8563",Hudson-Gerlach,Hudson-Gerlach.com,Patternmaker,GhostWhite,2018-08-02,destiney57@hermiston.com,x#nnJu]0ov!U*
96acd52a-f1bb-3c2d-a609-97e2d61236f1,Miss,Annamae,Grant,"96A/79 Jacobs Shoals Suite 905",Poblacion,Hindang,Basilan,Array,921-448-887,"+63 (925) 707-1078",Reinger-Collier,Reinger-Collier.com,"Government Property Inspector",DarkGreen,2021-09-03,olang@yahoo.com,Gkr>6.dY
43a18410-b3b6-38f7-be91-91dec1e891ff,Miss,Alex,Klein,"20A Torp Fall Suite 437",Poblacion,"El Nido",Cotabato,Array,241-267-695,"(0936) 915-1478","Borer, Eichmann and Towne","Borer, Eichmann and Towne.info","Product Specialist",Aqua,1986-02-23,wisoky.cletus@waelchi.org,ObvMUKeTYC/
f965e9e7-f207-350b-ad13-7c13273ef783,Dr.,Haylie,Deckow,"48A/74 Johnston Motorway Apt. 255",Poblacion,Danglas,"Agusan del Norte",Array,882-889-765,"+63 (925) 609-2456","Moen LLC","Moen LLC.com","Insurance Investigator",MediumOrchid,1985-08-01,kcorkery@predovic.biz,=o_&=5skC4jA~=~1
1e2a152b-bdcf-33d2-94a9-c5396eb85e2d,Dr.,Lew,Kirlin,"27 McClure Path",Poblacion,Tagoloan,"Occidental Mindoro",Array,605-466-198,"(0931) 049-5344","Hintz, McClure and Gottlieb","Hintz, McClure and Gottlieb.net",Photoengraver,CornflowerBlue,2001-12-23,gkemmer@hotmail.com,l.XJaGcI9zBJ[x
7983a857-879c-37dc-b53f-e1bdd56b2d7c,Mrs.,Pasquale,Donnelly,"38 Predovic Pass Apt. 446",Poblacion,Concepcion,Kalinga,Array,154-910-493,"+63 (975) 937-8757","Hayes PLC","Hayes PLC.com",Maid,LimeGreen,1983-05-27,yjerde@hotmail.com,"v[Mnj,fd3h=FsuDj<cXE"
a71de6cc-d99b-3e97-816f-92c86e067191,Dr.,Maximilian,Hansen,"94A Schroeder Mall",Poblacion,Palimbang,"Negros Oriental",Array,787-710-701,"+63 (979) 128-8082","Kulas PLC","Kulas PLC.org","Distribution Manager",LightSalmon,1994-03-25,garret.frami@yahoo.com,mAKJ_<c4kiZ!(
a10d7c5b-6eb2-3846-8d09-26116c8a7ff6,Mr.,Trinity,Cremin,"38A Trantow Villages",Poblacion,Bacolor,Marinduque,Array,596-649-094,"+63 (999) 183-4376","Heller and Sons","Heller and Sons.biz","Gaming Manager",NavajoWhite,1989-11-30,kswaniawski@walker.com,"+bKr1w=\B(Zw@mV%"
763fabf4-cba7-342a-9759-344869d15ea0,Miss,Gladyce,Emmerich,"24/40 Pagac Hills Suite 602",Poblacion,Pantar,"Oriental Mindoro",Array,366-108-391,"(0977) 545-4743",Borer-Shields,Borer-Shields.com,Computer,MediumTurquoise,2010-07-15,zschumm@stiedemann.com,W){IuU/[.&EVwjbt=
0ab583cc-974e-30de-b80f-ab79f63c4b25,Mr.,Delaney,Larkin,"67/76 Kunze Spring Apt. 507",Poblacion,Dauin,Romblon,Array,074-868-452,"(0975) 298-3415",Streich-Lueilwitz,Streich-Lueilwitz.com,"Data Processing Equipment Repairer",Sienna,1996-03-04,godfrey.kemmer@gmail.com,"""@*@$*_')"
0dc6fe2a-df32-3b4b-9822-8e638fbc5286,Prof.,Reese,DuBuque,"31A Gleichner Ville",Poblacion,Mamasapano,"Sultan Kudarat",Array,468-220-889,"+63 (929) 555-2549","Kunde, Toy and O'Keefe","Kunde, Toy and O'Keefe.com","Law Enforcement Teacher",Orchid,2000-07-27,otis94@gmail.com,pHe5hY
2d633f53-d027-32ac-a6d0-55ad62f296ad,Prof.,Mabelle,Dicki,"90A Rutherford Cliffs Apt. 608",Poblacion,Sibalom,Antique,Array,783-390-978,"(0937) 425-3403","Gislason, Kihn and Schumm","Gislason, Kihn and Schumm.org","Pump Operators",RoyalBlue,2010-10-06,brooks.hartmann@lowe.com,")ktW""){p"
9a1a5628-ad74-3ed6-afad-d048a79b15ea,Dr.,Royal,Sawayn,"43 Fadel Shoals",Poblacion,"Maasin City",Maguindanao,Array,599-105-944,"+63 (918) 001-0428","Cronin LLC","Cronin LLC.info",Auditor,Red,2018-01-01,ztowne@hotmail.com,"L7\HlP"
35ea52e7-381c-315a-918d-028e21f0b68d,Prof.,Arthur,Green,"76A/53 Keeling Crescent",Poblacion,Kinoguitan,"Lanao del Sur",Array,517-925-628,"(0923) 944-1655","Rempel Ltd","Rempel Ltd.com","Crane and Tower Operator",LightGoldenRodYellow,2007-06-21,dstiedemann@thompson.info,"'P|kB<v]\EC*4e!}"
d866f751-de2d-3eb8-bcd1-5a9e2d3670f2,Prof.,Ashton,Bahringer,"85A D'Amore Brooks",Poblacion,"Santa Ana","Metro Manila",Array,563-935-438,"+63 (919) 830-0605","Dare Ltd","Dare Ltd.com",Paralegal,PaleGoldenRod,1982-06-25,treutel.conor@fisher.com,"vay0}~}QYv,=BKAVFJD"
b9af89d3-a723-3b55-9be0-69a512f49e57,Mr.,Ryan,Upton,"45 Langosh Loop Suite 539",Poblacion,Gasan,Sorsogon,Array,425-715-298,"(0998) 892-2723","Schumm PLC","Schumm PLC.com","Printing Press Machine Operator",PaleVioletRed,1974-04-05,ymayert@rutherford.info,3U|AU-re).QW]}MZM
d17e6b5f-761e-311f-9644-aa84bc755ded,Dr.,Tyra,Lowe,"65 Padberg Valley",Poblacion,Mambusao,Quezon,Array,323-661-421,"+63 (932) 185-3815","Bogisich Group","Bogisich Group.com","Roof Bolters Mining",Pink,2002-12-13,feest.ella@gmail.com,%vRMLP1uH0~`z.?
352e4269-6d05-3a3d-a600-dc803919d93a,Mr.,Hannah,Hahn,"93A Rice Vista Suite 996",Poblacion,Godod,Quirino,Array,067-793-383,"+63 (973) 350-9554","Kautzer, Rolfson and Padberg","Kautzer, Rolfson and Padberg.com","Fitness Trainer",YellowGreen,2014-06-02,blick.jedidiah@toy.info,"Nlg,`>]!]"
9f66ed56-5629-381c-8a7f-206af8a697ac,Ms.,Griffin,Hodkiewicz,"43A/10 Watsica Lights",Poblacion,Valencia,Masbate,Array,586-772-237,"(0999) 405-2785","Koss Ltd","Koss Ltd.biz","Traffic Technician",Thistle,2012-07-10,mack.medhurst@yahoo.com,"?3n'%3Wh[U#`pW""'"
7fb8f681-9dff-3022-9047-6f1895392bea,Miss,Jules,Sanford,"32/49 Torphy Valleys",Poblacion,Sablayan,Albay,Array,720-099-396,"+63 (917) 507-1951",Kihn-Parisian,Kihn-Parisian.org,"Claims Examiner",AntiqueWhite,2020-05-07,fhartmann@gmail.com,FwPCV[hXL5I|1B
62c874bc-625b-3e99-ad03-336478dfe755,Mrs.,Mathilde,Mayert,"60A/53 Quigley Coves",Poblacion,"Pagadian City",Bukidnon,Array,870-181-872,"(0936) 693-8319","Heathcote, Davis and Effertz","Heathcote, Davis and Effertz.biz","Private Sector Executive",Maroon,1981-05-02,fterry@funk.com,"+$fLu6""24?a9"
d2a29f77-74f4-3d79-887f-3f68cce79c68,Dr.,Samantha,Miller,"62/21 Gulgowski Well",Poblacion,Burdeos,"Ilocos Sur",Array,900-617-926,"(0939) 929-2342","Swaniawski Ltd","Swaniawski Ltd.info",Clerk,OldLace,1994-05-09,cstroman@hotmail.com,",$Ow5!hka)NyTG8+"
e9101202-9879-3d87-aca9-29928f0e0e26,Dr.,Viviane,Stamm,"24A/69 Mueller Keys Suite 209",Poblacion,"Mataas na Kahoy",Albay,Array,673-016-439,"(0996) 473-7775","Dibbert, Kassulke and Kunze","Dibbert, Kassulke and Kunze.info","Metal Molding Operator",FireBrick,1996-05-17,iwaelchi@gmail.com,hi9za52tmR5
36066342-f283-3c12-9237-bf8a0a71018d,Mrs.,Kadin,Wyman,"94/24 Senger Road",Poblacion,Ganassi,"Zamboanga Sibugay",Array,363-266-162,"(0928) 898-7016","Koepp, Krajcik and Hammes","Koepp, Krajcik and Hammes.info","Public Relations Specialist",YellowGreen,2016-07-24,raul56@kulas.com,*]9)`fP;HXnM
2747aa4d-a0a8-3571-a2cb-fff9b6337b05,Miss,Kelsi,Gulgowski,"13 Monahan Drive",Poblacion,Alicia,Pangasinan,Array,761-434-221,"+63 (975) 686-1114","Bogisich Group","Bogisich Group.com","Insulation Installer",Black,2020-05-27,powlowski.elton@gmail.com,"\!(idcp?Z:2sS%@"
260238e1-0dc1-3e08-a66c-d012b91517f1,Dr.,Antwan,Kihn,"20A/99 McLaughlin Ramp",Poblacion,Arakan,Laguna,Array,820-594-496,"+63 (996) 342-3693",Hoeger-Shanahan,Hoeger-Shanahan.org,"Credit Checker",LavenderBlush,1988-02-04,destinee90@gmail.com,"J$$wsR"""
f57c3d45-e483-3a26-957b-14683289c461,Prof.,Salvatore,Frami,"34/98 Lubowitz Skyway",Poblacion,"Poona Piagapo",Sulu,Array,441-043-063,"(0989) 149-2724",Mraz-Stehr,Mraz-Stehr.com,"Typesetting Machine Operator",DarkRed,1989-04-04,floy63@gmail.com,";\uDh8w6}'|NXcbr"
e9ce781d-a33a-3295-8972-50e15e3ee23f,Prof.,Jaylon,Tillman,"47 Hickle Motorway",Poblacion,Sabtang,Sarangani,Array,878-358-192,"(0916) 242-7305","Hauck LLC","Hauck LLC.com","Environmental Science Teacher",LightPink,1973-05-30,bergnaum.alvina@ward.com,"_&(y""#l2J7"
86bd9ea6-cd32-3019-af9d-50392b588409,Prof.,Wilfrid,Marquardt,"93A/62 Cronin Squares Apt. 450",Poblacion,Lumban,"Occidental Mindoro",Array,904-290-969,"(0938) 799-5408",Effertz-Bernier,Effertz-Bernier.com,Forester,Lavender,1989-07-14,jakubowski.eleazar@hotmail.com,~Oj1y<h.&0t?9aGb)
5a61ae78-c575-345d-adde-a589dc36235f,Mrs.,Christine,Bergnaum,"47 Heathcote Parkways",Poblacion,"Tabuk City",Kalinga,Array,819-789-773,"+63 (907) 710-2502","Jaskolski and Sons","Jaskolski and Sons.com","Administrative Law Judge",MediumVioletRed,2021-10-17,murphy.cora@cremin.info,"un[>%""D"
bcc001fc-5e0e-3054-8dcf-61fe80ba0a2f,Dr.,Amber,Moen,"50A/55 Lowe Camp",Poblacion,Quirino,"Occidental Mindoro",Array,095-934-635,"+63 (907) 687-4420","Jaskolski PLC","Jaskolski PLC.com","Cultural Studies Teacher",MediumTurquoise,2023-04-26,nolan.brendan@koelpin.com,"sM#uiXt]dHjTM\hHwzk"
fea61e3b-a1a7-387c-bc83-f27df0127290,Prof.,Gerda,Konopelski,"73/53 McKenzie Gardens Suite 385",Poblacion,Marikina,"Camarines Sur",Array,929-202-351,"+63 (916) 441-2199","Altenwerth, Franecki and Sanford","Altenwerth, Franecki and Sanford.biz","Marking Clerk",NavajoWhite,1983-12-22,gabriel70@yahoo.com,kv14Z5M5bFqS(ng
ce3c0368-6b59-303f-85d0-86811f6dde21,Dr.,Jerad,Kozey,"66/64 Ernser Stream Apt. 579",Poblacion,"Padre Garcia",Cotabato,Array,206-597-204,"+63 (921) 519-0896","Rutherford LLC","Rutherford LLC.com","Continuous Mining Machine Operator",WhiteSmoke,2004-03-10,olen.dooley@schultz.com,"6r.m%Fr\Ez"
8e62eab8-33ac-3eb3-bd00-ffe3328b3e17,Dr.,Petra,Kirlin,"89/65 Kreiger Highway",Poblacion,Salvador,Leyte,Array,398-819-717,"(0978) 440-8722",Stark-Hoppe,Stark-Hoppe.com,"Stone Cutter",MediumSpringGreen,1988-11-09,henriette.ruecker@gmail.com,"""4El''Wk5"".r7Z4A9V"
55e55f7e-e911-3245-8f9c-a8585c916496,Miss,Lawrence,Breitenberg,"48A/71 Yundt Valleys",Poblacion,Pilar,"Compostela Valley",Array,704-335-605,"+63 (929) 553-2638","Bailey Inc","Bailey Inc.com","Plating Operator",PaleTurquoise,1973-04-05,bobbie84@hotmail.com,{#CT3^+j7$B.S^
6a969657-c405-31fe-ae8b-473a467cf4ee,Dr.,Fernando,Lueilwitz,"23 Blick Valleys",Poblacion,Malabang,Zambales,Array,199-702-152,"(0925) 955-8434","Schamberger, Weimann and Frami","Schamberger, Weimann and Frami.com",Biophysicist,Coral,1989-09-17,violette.pfannerstill@harris.com,r}MJ5i7#Uy#s
306cbd5c-e72b-3746-a428-c6065f8480ec,Miss,Lavina,Bartell,"38A Parisian Mews Apt. 263",Poblacion,Calumpit,"Camarines Sur",Array,518-522-796,"(0921) 655-2929",Jast-Fisher,Jast-Fisher.com,"Professional Photographer",NavajoWhite,2008-10-13,duncan00@hartmann.info,G3ikc:4;s2P%rrrq
96d612f2-78fc-32ab-a9e3-95d95f92d636,Prof.,Moriah,Reichel,"18A/65 Nikolaus Canyon Suite 967",Poblacion,"San Isidro","Camarines Sur",Array,883-079-059,"+63 (817) 379-7331",Schmitt-Schiller,Schmitt-Schiller.com,"Buffing and Polishing Operator",FloralWhite,2013-07-14,pauline92@hotmail.com,cez)a5
ce117152-d550-33f5-bedf-32b7f6828e22,Dr.,Monica,Larson,"75A Koch Dam",Poblacion,"Tangub City","Surigao del Norte",Array,860-969-226,"+63 (919) 057-9407","Bernhard, Runolfsdottir and Stark","Bernhard, Runolfsdottir and Stark.biz",Garment,DarkRed,2006-12-16,zschowalter@leuschke.com,GE6xZEH_fHJMRg
f906bb3d-380f-3829-85e9-992098ad9edb,Prof.,Hayley,Ullrich,"51A/59 Pagac Curve",Poblacion,Samboan,Siquijor,Array,269-064-514,"(0942) 222-9215","Cronin, Koepp and Terry","Cronin, Koepp and Terry.biz","Hand Trimmer",OldLace,2016-05-05,anne38@hotmail.com,"glFtN&)3p#RM:+,"
bf07256d-46f4-3091-b1ba-e127a34778b8,Prof.,Kali,Bartoletti,"33/62 Rosenbaum Garden",Poblacion,Barbaza,Pangasinan,Array,500-406-050,"(0989) 431-0198","O'Reilly, Heathcote and Weber","O'Reilly, Heathcote and Weber.com","Precision Printing Worker",DarkRed,1980-01-12,harry90@hotmail.com,"$j>a$mE:,?XnOp\TK<4;"
c05445c5-b395-3a61-a29e-721680147cfc,Ms.,Kayley,Zieme,"81 Watsica Ways Apt. 816",Poblacion,Atimonan,Bukidnon,Array,954-426-384,"+63 (973) 653-2093",Hamill-Rodriguez,Hamill-Rodriguez.com,"Payroll Clerk",MediumTurquoise,2021-06-07,joshua01@hotmail.com,YmH.+`
bce52ca2-1c73-32b9-96b9-74682311438b,Prof.,Aida,Schulist,"64/29 Kub Summit Apt. 211",Poblacion,Taguig,"Mountain Province",Array,338-032-965,"(0939) 244-5651","Runte, Towne and Boehm","Runte, Towne and Boehm.com","Rough Carpenter",YellowGreen,2005-05-07,mathew.pfeffer@connelly.net,"Y9etQJ5""Na?db)"
d5728e6d-8e5c-3d5d-9bcd-5ed72f72a5ca,Dr.,Roman,Hodkiewicz,"19A/12 Gaylord Camp",Poblacion,"Santa Maria",Cagayan,Array,620-944-241,"+63 (975) 216-2994","Lubowitz, Dooley and Marvin","Lubowitz, Dooley and Marvin.com","Infantry Officer",DeepSkyBlue,1979-06-22,leopold.hirthe@gmail.com,sK+Swq7n#i?
f9a449ae-a563-3cce-88f2-23e4736e0ba4,Prof.,Roman,Schiller,"62A/27 Beer Locks Apt. 448",Poblacion,"Sultan Dumalondong",Benguet,Array,852-923-664,"(0977) 316-1286","Koelpin, Hill and McClure","Koelpin, Hill and McClure.biz","Gluing Machine Operator",DarkMagenta,1982-10-01,clementina09@farrell.org,"IqSc29(l,Rn+I"
7b3cc594-0fb1-33d3-9328-a8223a7cea7e,Prof.,Lori,Littel,"69/63 Kertzmann Vista Apt. 431",Poblacion,Odiongan,"Davao del Norte",Array,191-311-147,"+63 (999) 030-0079","Cruickshank, Schmitt and Heaney","Cruickshank, Schmitt and Heaney.com","Radiologic Technologist and Technician",BlanchedAlmond,2024-02-22,malika28@gutkowski.net,")qdj{@ZFh)2oi"""
b2e5ed90-84e0-3c08-bdef-b90925bdedf4,Miss,Milan,Price,"66A/71 Koelpin Squares Apt. 050",Poblacion,Calabanga,Masbate,Array,650-885-058,"+63 (978) 246-1096",Beatty-Moore,Beatty-Moore.com,Singer,MediumPurple,1996-07-07,kevin06@lubowitz.com,dZ3w6vH7)^
df2019a5-05b5-3c17-851a-2cd76c8c9a9f,Mr.,Estel,Romaguera,"66A/46 Leuschke Creek",Poblacion,Victoria,"Agusan del Sur",Array,106-322-205,"+63 (900) 753-3673","Langworth Group","Langworth Group.com","Life Scientists",PeachPuff,1998-02-14,kkihn@gmail.com,.)Ybg7Df_!pgh({=pXx
40152a39-ac7e-332d-a692-72d463056c3e,Miss,Amaya,Block,"84A Abshire Square",Poblacion,Carasi,Kalinga,Array,934-383-983,"(0912) 790-4996","Gerhold, Williamson and Langworth","Gerhold, Williamson and Langworth.net","Marriage and Family Therapist",WhiteSmoke,1993-06-15,darmstrong@hotmail.com,"K0-Dr:Zec\"
e07e68d6-1de2-3f38-be12-70f2e4766b0f,Prof.,Devonte,Wehner,"86A/93 King Well Suite 776",Poblacion,Pilar,Pangasinan,Array,070-814-778,"+63 (929) 466-3337","Hilpert, Sauer and Wintheiser","Hilpert, Sauer and Wintheiser.info",Platemaker,DeepPink,1981-05-01,mreynolds@welch.com,i%:ss1'p?&8Y
b1ce2f3a-df30-3320-9c55-5269707c8dd4,Dr.,Myah,Hudson,"17A Flatley Vista",Poblacion,Rizal,"Surigao del Sur",Array,816-742-201,"(0930) 183-0637",Thompson-Brekke,Thompson-Brekke.com,Maid,MediumOrchid,1970-05-01,meagan38@yahoo.com,W=exY4&
fd019383-1305-3eaf-a4c2-27dc1fb30af5,Prof.,Kieran,Senger,"17 Walker Mountains",Poblacion,Taytay,Cotabato,Array,062-426-651,"(0979) 480-0870","Ward, Mosciski and Langosh","Ward, Mosciski and Langosh.com","Agricultural Sciences Teacher",LightSeaGreen,1975-04-18,yost.carmelo@romaguera.com,`[/*aF44@sq/7oPwgMN{
0e8aec2e-94ae-366c-8fd0-8915e02f5f58,Ms.,Hilbert,Monahan,"67A Swift Divide",Poblacion,Agoo,"La Union",Array,110-075-562,"(0980) 317-6383","Morar Group","Morar Group.com","Management Analyst",DeepPink,1988-11-09,demond82@yahoo.com,@N1'(Z2)u9l
f24cbd5a-c06e-3dfd-b98a-097af2972139,Prof.,Miles,Bauch,"17A/23 Kovacek Rapid",Poblacion,Lanuza,"Ilocos Norte",Array,047-909-285,"+63 (910) 191-1306","Effertz Inc","Effertz Inc.org","Art Director",LavenderBlush,2000-11-04,nathanael.johns@kemmer.com,MG^TK`Y][X~C
039777a9-7b23-3853-a182-261ac913b333,Miss,Domenic,Lakin,"75A Herzog Road",Poblacion,Jolo,Apayao,Array,150-919-509,"(0906) 909-7795","O'Reilly, Will and O'Hara","O'Reilly, Will and O'Hara.com",Typesetter,PaleVioletRed,1971-09-07,lysanne.klocko@rogahn.info,"V!}t=njI>`BAK8G"""
ab3ec1ca-71ec-3512-a1b7-2cc1bb43b2b3,Prof.,Darrion,Reilly,"05A/87 Leuschke Crescent",Poblacion,Mahayag,Camiguin,Array,160-042-349,"(0907) 681-8432","Bernhard, Sawayn and Daugherty","Bernhard, Sawayn and Daugherty.com","Fishery Worker",Chartreuse,1999-05-26,qhackett@hotmail.com,G0.r6^lc2`9CeJ>
8e3d5053-7c0f-33f6-baeb-7a512c5f599d,Ms.,Karelle,Nolan,"69/88 Graham Tunnel",Poblacion,Libmanan,Zambales,Array,560-266-702,"+63 (929) 910-8175","Kerluke, Cummings and Vandervort","Kerluke, Cummings and Vandervort.com","Laundry OR Dry-Cleaning Worker",RosyBrown,1983-04-22,diana14@hotmail.com,"@r\}8C',$#xs"
83857ba1-9f44-3981-a3a9-c2a76a0b8d2c,Dr.,Russ,Strosin,"86 Vandervort Road",Poblacion,Concepcion,"Surigao del Norte",Array,424-948-358,"(0932) 740-3570",Heidenreich-Kuhic,Heidenreich-Kuhic.info,"Technical Writer",Moccasin,1990-01-04,eswaniawski@reynolds.biz,",-GNrrlF=x&a"
b88df30b-ab18-319a-b3e0-c7cb16fb8b51,Mrs.,Leonora,Harris,"33 Olson Expressway Apt. 263",Poblacion,"Dumaguete City",Apayao,Array,134-726-120,"+63 (937) 110-8887","Zemlak and Sons","Zemlak and Sons.com",Biophysicist,Coral,1973-03-17,gene45@gmail.com,"ICbG!H+""!dotw1Dg:(0"
e4d17839-fc66-3851-ac45-aa51df791a8c,Mr.,Favian,Yundt,"31/37 Beahan Unions Suite 264",Poblacion,Talakag,Batangas,Array,834-027-486,"(0923) 886-3746",Runte-Metz,Runte-Metz.com,"Technical Director",Chocolate,1978-08-17,corwin.laurianne@hirthe.com,{A=|L=z)dpD
79aaecd9-a01d-39d8-91a3-dff05162e20d,Miss,Virgil,Larkin,"33/53 Larson Row Suite 601",Poblacion,Araceli,Benguet,Array,961-801-264,"(0907) 597-0033","Upton Ltd","Upton Ltd.com","Railroad Switch Operator",LightYellow,1994-07-18,stanton.danielle@considine.net,N0n0yTbg&
f7ad3a52-29d8-38f8-951c-edda11799358,Dr.,Sandra,Howe,"40 Howell Knolls Suite 203",Poblacion,Bakun,"Zamboanga Sibugay",Array,199-273-667,"+63 (940) 965-6258","Hartmann, Feeney and Halvorson","Hartmann, Feeney and Halvorson.org","Nuclear Equipment Operation Technician",WhiteSmoke,2019-04-28,ardith31@langworth.org,"/,]oI%7$II(I/]"
81453c50-3a76-3a26-81e0-2619ec1efa26,Prof.,Nora,Leannon,"52 Mueller Walks Suite 950",Poblacion,Santiago,"Sultan Kudarat",Array,466-599-923,"+63 (907) 314-2124","Crooks Inc","Crooks Inc.org","Commercial Pilot",Azure,2011-06-08,dhoeger@gmail.com,N?o<$d7iDVgA@k($>V
ddc8a69f-7c66-3fe0-9f83-4813cfe2c890,Mr.,Billie,Jaskolski,"07A Torp Mountain",Poblacion,Gainza,Camiguin,Array,536-724-550,"+63 (940) 457-1782","Auer, Crooks and Kulas","Auer, Crooks and Kulas.com","Photographic Processing Machine Operator",PaleTurquoise,1997-08-07,tyra24@hotmail.com,gK%wfc
71d97cd9-53a4-3cef-b72a-2626b0c12e5f,Dr.,Jacques,Douglas,"56A Marks Stream Suite 791",Poblacion,Luna,Bohol,Array,206-633-547,"+63 (931) 989-2053",Rutherford-Frami,Rutherford-Frami.com,Embalmer,SpringGreen,2018-11-24,jacey56@okon.org,.5u*0dF5;4
48fca6ce-27cc-3540-8827-2f7403cb1cd8,Miss,Jacey,Kirlin,"62/65 Langosh Lodge",Poblacion,Binuangan,"Nueva Ecija",Array,818-591-439,"+63 (946) 918-0007",Kerluke-Raynor,Kerluke-Raynor.com,"Landscape Architect",OldLace,1974-08-01,ihermiston@dibbert.com,/F+;dMqnh
6bc3d875-9850-34c5-abe6-b661131329d1,Prof.,Oral,Corwin,"36A/11 Auer Wells",Poblacion,"Borongan City",Aurora,Array,554-563-325,"+63 (948) 129-5003","Corwin, Corwin and Conroy","Corwin, Corwin and Conroy.org","Mechanical Inspector",GhostWhite,1993-07-29,eklein@goodwin.biz,Ay;mH7A{0U_%yr+zP
f81348d8-911c-39aa-835d-f66a683be94e,Dr.,Dayana,Balistreri,"46 Wilkinson Junction Suite 239",Poblacion,"Davao City","Davao Oriental",Array,697-412-622,"+63 (942) 871-7268",Cummings-Wolff,Cummings-Wolff.info,Choreographer,Bisque,2022-01-25,mellie.waters@herzog.biz,Fi5#Fd4La~YZE!>5
5299c4c4-d0fe-30be-85e0-d3e637936d76,Miss,Selina,Koepp,"69A Tillman Brook Suite 760",Poblacion,Padada,"Misamis Occidental",Array,285-300-593,"+63 (925) 711-9921",Stiedemann-Legros,Stiedemann-Legros.com,"Protective Service Worker",Moccasin,1972-09-22,ernesto.kihn@gmail.com,g}3w~sT-/8g]#To
4032013d-5359-3aee-8033-9bb9aea65e1f,Miss,Kayley,Hirthe,"20 Gusikowski Shore Suite 835",Poblacion,"Bayawan City",Marinduque,Array,399-620-517,"+63 (909) 511-0996","Durgan, Swaniawski and Hane","Durgan, Swaniawski and Hane.info",Pipefitter,HotPink,1999-07-09,kgoodwin@beer.com,"Tln1\h"
fc1023b6-1330-30f8-a832-eab2e34a29c2,Prof.,Brannon,Prosacco,"41 Hagenes Mills",Poblacion,Loboc,Benguet,Array,482-777-311,"(0906) 528-7648","Ritchie Inc","Ritchie Inc.biz","Production Inspector",DarkSeaGreen,1990-02-07,zbartoletti@bauch.biz,":{6j>\<cuQj@BRP@d"
fe5ac254-82f5-38f5-9469-80009913f8da,Dr.,Krystal,Stehr,"85 Johnson Underpass",Poblacion,"Poona Bayabao","Mountain Province",Array,849-396-978,"(0905) 419-6564","Bernier Inc","Bernier Inc.com",Typesetter,Linen,1981-12-14,london.conn@stanton.com,+Mrn4G{$(wa(
e2d41b57-0f08-35f2-b767-c401b549e809,Dr.,Ernestine,Lebsack,"65/15 Jacobs Glens",Poblacion,Mamasapano,Sorsogon,Array,576-028-228,"(0999) 266-2425","Stracke and Sons","Stracke and Sons.org","Space Sciences Teacher",DimGray,1984-10-15,ondricka.briana@senger.net,>Ti;:Wmv:KY
2701d790-be76-3741-bcda-4242638f5d11,Prof.,Kirk,Jacobson,"85/53 O'Conner Knolls Apt. 186",Poblacion,Atok,Tawi-Tawi,Array,000-101-643,"(0921) 202-4126","Blick PLC","Blick PLC.com","Library Worker",Thistle,1974-10-28,edwardo.stroman@labadie.com,"AzQ{10[XN!opm`""/"
b3ad73c2-163b-38d5-b253-51018d742bc9,Mr.,Hermina,Glover,"23A/54 Collier Drive Suite 658",Poblacion,"Datu Paglas",Abra,Array,351-950-765,"(0910) 658-8107","Kozey Group","Kozey Group.biz","Precision Printing Worker",Black,1986-08-24,bashirian.lourdes@dare.com,"Wu>4.p2\fa<1L1e"
0652429a-d272-33d1-a4d4-3d82a0b9854c,Prof.,Gerardo,Vandervort,"19A/10 Barrows Drive Suite 922",Poblacion,Jordan,Isabela,Array,631-074-113,"+63 (919) 403-0404",Labadie-Walker,Labadie-Walker.org,"Credit Analyst",Bisque,2021-02-03,hettie93@hermann.com,?45OwDFGvyV@(QOen
1f5b9b44-fc4e-386b-b9cf-bd07601abc41,Dr.,Leann,Schultz,"65A Stehr Station",Poblacion,"Cabuyao City",Cagayan,Array,458-265-269,"+63 (979) 226-0267",Hammes-Lowe,Hammes-Lowe.com,"Command Control Center Specialist",Linen,2018-10-12,llewellyn03@hahn.info,-K.8[%UM.Wgp/Ixo>v
f3cf948c-42ac-34ef-82e0-ca9f95408aa5,Ms.,Breana,Graham,"15 Frami Locks Apt. 083",Poblacion,Sallapadan,Batangas,Array,909-516-469,"+63 (935) 770-9218",Bartoletti-Bruen,Bartoletti-Bruen.org,Assessor,SlateBlue,2008-05-19,sandy12@koelpin.info,|s{=><Tu%$k
51714a63-3d02-399c-9086-e7665a7ce59c,Ms.,Brandi,Heidenreich,"03A Russel Estate Apt. 065",Poblacion,Itogon,Tawi-Tawi,Array,042-711-959,"(0933) 613-1819","Trantow Ltd","Trantow Ltd.com","Zoologists OR Wildlife Biologist",Gray,1989-01-19,sasha.abernathy@schulist.com,9l:B=fY./o*
5ab1ed14-2768-3760-9bdc-ead41fd82ad7,Dr.,Viva,O'Hara,"91A Grimes Crossroad Apt. 229",Poblacion,"San Joaquin",Isabela,Array,406-447-081,"(0975) 836-8289",Torphy-Hoeger,Torphy-Hoeger.org,"Stationary Engineer",Red,2011-08-01,rath.morris@gmail.com,"7k8z}nhK68a""rVMI+"
a81df92e-288f-3393-a721-667d28337497,Prof.,Romaine,Gaylord,"42 Cummerata Divide Apt. 457",Poblacion,Palompon,Masbate,Array,004-912-387,"+63 (921) 351-2614",Hilpert-Schamberger,Hilpert-Schamberger.com,"Annealing Machine Operator",MidnightBlue,2001-04-15,dhoeger@yahoo.com,XW)rU5^W;K/x/
4c833630-e538-3889-a07a-ed5c66947fab,Mr.,Joany,Smith,"77A/33 Funk Valley Suite 718",Poblacion,Mambusao,"Metro Manila",Array,852-802-989,"+63 (948) 093-1090",Bogisich-Lynch,Bogisich-Lynch.info,"Natural Sciences Manager",Bisque,2002-01-30,tiffany27@baumbach.org,"m[4.PKH7B*""U"
2330b7f0-fc84-3eb1-a5e4-d282516a7792,Dr.,Adolfo,Stamm,"48 Keeling Lock",Poblacion,"Danao City",Basilan,Array,289-147-018,"+63 (929) 610-3081","Huels, Kemmer and Schimmel","Huels, Kemmer and Schimmel.com",Heaters,HoneyDew,1981-02-07,skye35@yahoo.com,b3ar=t6jNp
cd8af61c-f15b-3e63-a1e8-5a28c044b830,Ms.,Courtney,Ullrich,"98A McDermott Bypass",Poblacion,Guindulungan,"Negros Occidental",Array,543-940-307,"(0908) 180-6435",Stamm-Lesch,Stamm-Lesch.net,"Self-Enrichment Education Teacher",Fuchsia,1971-12-12,wziemann@renner.com,!>^L&Jj^7*95
4b984a30-2d89-3372-a2c3-0430fac2b4db,Prof.,Hazel,West,"95A/69 Bednar Skyway",Poblacion,Hagonoy,Cebu,Array,595-232-695,"(0929) 969-3043","Braun, Mosciski and Schultz","Braun, Mosciski and Schultz.com","Payroll Clerk",Cyan,1982-05-29,schaefer.elmira@senger.net,]#:c59d
98f36c9d-4e37-3eb2-bd12-d4c3173a55fc,Prof.,Kayla,Adams,"72A/31 Spencer Locks Apt. 684",Poblacion,Rosario,Antique,Array,478-499-228,"+63 (911) 434-3042","Frami, Williamson and Conroy","Frami, Williamson and Conroy.com","Nursing Aide",AliceBlue,1981-12-08,qheller@mills.com,"\rEW]PS~:'45uH"
8a00a552-4afe-30e6-8c98-dccc4af68402,Mr.,Jackeline,Walsh,"00A/07 Funk Club",Poblacion,Buluan,Sarangani,Array,759-801-175,"+63 (934) 221-8225",Rowe-Hill,Rowe-Hill.com,University,Green,1990-01-23,mwelch@gmail.com,FYHp-SBv
f3b46b52-049f-31ed-9605-9dc64f3ee85c,Mr.,Dannie,Crist,"50/51 Spencer Underpass Suite 511",Poblacion,Sabangan,"Sultan Kudarat",Array,217-534-280,"(0934) 356-1772",Heaney-Medhurst,Heaney-Medhurst.com,"Agricultural Technician",Aquamarine,1970-08-12,dangelo09@brakus.com,"""!1%].oT{V;UM4Du#)"
f0e7da2a-d3db-3daf-8480-f11bf9c1f145,Dr.,Verner,Bayer,"76 Ankunding Stream",Poblacion,Taguig,Siquijor,Array,337-733-069,"+63 (933) 971-7838",Huel-Durgan,Huel-Durgan.com,Farmworker,Salmon,1997-06-06,dibbert.lucas@hotmail.com,"qpLVVoL\MwE<K8"
c9c03791-7a39-3fd8-93d2-8077bc2fa4d5,Miss,Kitty,Becker,"62/27 Kuhn Cape Suite 564",Poblacion,Sagñay,Samar,Array,518-816-013,"(0907) 453-9301",Pollich-Hill,Pollich-Hill.com,Woodworker,PaleVioletRed,2020-03-16,ohuels@hackett.com,]XI@$rwQBoOu%YQl
aa69cd28-a3d6-3fde-a115-84cc68cd1254,Prof.,Zena,Gaylord,"33A Walker Underpass",Poblacion,"Meycauayan City",Batanes,Array,353-703-688,"(0929) 521-4477","Mohr Ltd","Mohr Ltd.com",Dispatcher,Brown,2018-04-30,zpagac@gmail.com,"}X\#<5Ta"
587c01db-76fe-3ccd-a67a-57a2cb04ac5b,Prof.,Athena,Kling,"76A Corwin Way Apt. 130",Poblacion,Banaybanay,"Zamboanga del Norte",Array,556-538-956,"+63 (998) 119-3783",Stracke-Brakus,Stracke-Brakus.biz,"Offset Lithographic Press Operator",DimGrey,1974-07-07,tiffany66@gmail.com,]7d/4g
43a842f8-b4e5-3461-87a1-1a090e221ac8,Ms.,Guillermo,Connelly,"03A Gottlieb Underpass Suite 800",Poblacion,"San Isidro","Oriental Mindoro",Array,818-114-030,"(0927) 156-6934","Franecki, Kautzer and Olson","Franecki, Kautzer and Olson.com","Public Transportation Inspector",MediumSlateBlue,2007-08-14,noel.armstrong@gmail.com,cM_y1CsM
4ccc3134-031f-3ce5-ad02-5685289c430e,Mr.,Pearl,Labadie,"29 Hoppe Viaduct Suite 366",Poblacion,Talisay,Bukidnon,Array,844-561-475,"(0934) 898-1014","Abshire and Sons","Abshire and Sons.com","Soil Scientist",DarkRed,1988-11-02,elias.batz@hodkiewicz.com,*6YDMhXd?f6p
7b78691b-5a8e-3a9b-96de-ddd7933b6757,Prof.,Ivah,Mayer,"64A Fadel Lakes",Poblacion,Mamasapano,"Agusan del Norte",Array,058-355-888,"(0936) 013-7448",Boehm-Homenick,Boehm-Homenick.com,"Postsecondary Teacher",Lavender,2020-08-08,dicki.reilly@grimes.com,Tuyz[a/FLv
1435c267-2cdc-34b3-be00-d307f88ec1d6,Mr.,Brandi,Wolff,"48A/35 Wisozk Shoals Apt. 399",Poblacion,Tagoloan,Benguet,Array,599-156-579,"(0922) 578-5771",Turner-Pollich,Turner-Pollich.net,Warehouse,DeepPink,1993-04-30,ohamill@hotmail.com,"Y83/H""`ck`"
3cdd445c-95c1-3037-9290-ee3dfafa5166,Mr.,Thora,Fritsch,"78A Kling Mountains Suite 359",Poblacion,"San Antonio",Tawi-Tawi,Array,346-143-209,"+63 (817) 491-8878","Nolan, Dare and Terry","Nolan, Dare and Terry.com","Central Office",Coral,2018-03-21,harvey.kendall@gmail.com,oa$fX@I<#yw?Dp
61ff0632-58c3-35df-8a78-5e4b432bb25a,Mr.,Nat,Mann,"59/96 Doyle Corners",Poblacion,Kawit,Leyte,Array,331-346-806,"+63 (923) 077-6707","Champlin and Sons","Champlin and Sons.org","Night Shift",Beige,2020-10-27,bernier.katlyn@wintheiser.net,aH=6NSA
d39a78e1-a224-3ee9-9891-b699ed3062dc,Prof.,Darien,Kerluke,"88/98 Walsh Garden",Poblacion,Guinobatan,Aklan,Array,114-366-881,"(0926) 778-4634","Kirlin LLC","Kirlin LLC.net","Account Manager",DeepPink,1974-02-03,fwiza@hotmail.com,"$AS""&pQKfD(S9<ab]C}R"
eb79e74d-c3ac-3b83-855b-5b6a9856e94b,Dr.,Molly,Hayes,"69A Hackett Gateway",Poblacion,Matuguinao,Samar,Array,948-137-127,"(0817) 010-0916","Ziemann Ltd","Ziemann Ltd.info","Retail Salesperson",Salmon,1995-05-27,bdenesik@kreiger.com,z*+t?/8&3sqLl!)7(t
3bec9030-0ad1-34fb-a709-01bc01479400,Prof.,Samson,Rempel,"49 Wintheiser Springs Apt. 753",Poblacion,Bumbaran,Cagayan,Array,933-960-712,"(0998) 937-3444",Heathcote-Predovic,Heathcote-Predovic.net,"Corporate Trainer",MediumSlateBlue,2010-10-22,jayda.rempel@ferry.com,:ho`G$s4KQ
e709bee3-d1d9-3ac1-a1b5-49f826e2f326,Miss,Annie,Wiegand,"84A Lindgren Harbor Suite 524",Poblacion,"San Vicente",Bulacan,Array,294-370-727,"+63 (943) 167-2811",Considine-Walter,Considine-Walter.com,Auditor,Ivory,1998-11-06,berneice.heathcote@gmail.com,Qsy[Ec75|dwX{6{nPfYr
e6324261-38b4-32ca-9674-f2bcd0c4926a,Mrs.,Kamron,Gulgowski,"47 Gibson Mission",Poblacion,Dinalupihan,Guimaras,Array,635-220-289,"(0927) 849-6195","Collier Ltd","Collier Ltd.net","Technical Director",DeepPink,2009-02-27,gerlach.hunter@huels.com,X-P:F@w9i;nX
cb1276ff-860c-30f2-9b27-1b2f6a5d03ab,Dr.,Rollin,Moen,"64A/81 Kozey Creek Apt. 069",Poblacion,Daet,"Surigao del Sur",Array,895-554-950,"(0943) 672-1055","Emmerich Ltd","Emmerich Ltd.com","Marine Architect",Chocolate,1996-03-07,sophia.vandervort@mcdermott.com,taQ@/heYnLcH
81c81472-7dfe-3ebe-bc94-b800ad01dd83,Prof.,Gardner,Hahn,"24 Tillman Station Suite 368",Poblacion,"San Fernando",Pampanga,Array,390-640-461,"(0922) 279-2670","Grady PLC","Grady PLC.com","Talent Acquisition Manager",Olive,1994-06-29,deven38@schimmel.net,sv*TN{A4
b4b5d71a-dce9-3b64-9acf-a8da6dbb37ad,Miss,Myrl,Stanton,"58A Gulgowski Crossing Apt. 674",Poblacion,Cortes,Camiguin,Array,214-566-352,"+63 (948) 225-5528","Schmeler, Denesik and Flatley","Schmeler, Denesik and Flatley.net","Architectural Drafter OR Civil Drafter",OldLace,1973-08-16,lukas.armstrong@yahoo.com,f[f0@jEL0'#QY
f8a7f8f1-85e7-3a56-a335-8dff483f3619,Ms.,Vivianne,Jacobs,"76A Bernhard Ferry",Poblacion,"Malolos City",Masbate,Array,905-344-273,"(0930) 601-8941","Jenkins Group","Jenkins Group.net","Environmental Engineer",DeepSkyBlue,1977-10-16,sgottlieb@hotmail.com,@%}XxHJ
92305b81-c598-3909-9572-f30d00685972,Mr.,Tierra,Mayert,"88/79 Deckow Flat",Poblacion,"Puerto Galera",Iloilo,Array,481-665-272,"+63 (910) 890-3848","Barrows and Sons","Barrows and Sons.biz","Precision Mold and Pattern Caster",Peru,1992-04-06,ruth.goyette@hotmail.com,"PME48r-f""AruT%}#}ZcZ"
2645b0e1-f958-3798-821d-42d3ad97682f,Ms.,Alford,Fisher,"46/86 Crona Islands Suite 274",Poblacion,Villareal,Albay,Array,421-194-525,"(0929) 906-5047","Considine, Dooley and Tillman","Considine, Dooley and Tillman.org","Crane and Tower Operator",DeepSkyBlue,2024-08-07,matilde.ferry@gmail.com,""":qep@ULQ80YU[D/w}1"
8f0145f3-0ec4-3577-be2f-9fa80ce8f83a,Miss,Arden,Pollich,"45A Stamm Mall Apt. 721",Poblacion,"Tayabas City","Mountain Province",Array,550-611-945,"(0922) 456-8925","O'Hara, Dare and DuBuque","O'Hara, Dare and DuBuque.net","Sales and Related Workers",RoyalBlue,2008-07-23,laurie38@gmail.com,xM0df/`BN*[7n>MD=O
fcf79b1d-5ade-3029-8a27-01eac7c7f9de,Prof.,Demond,Mraz,"20 Barton Plaza Apt. 431",Poblacion,Paracale,Apayao,Array,590-127-986,"(0919) 649-8233","Schamberger PLC","Schamberger PLC.org","Maintenance Equipment Operator",LightSalmon,2008-01-29,litzy.wilkinson@lehner.com,%])=5YYFkXc#/D3
3ca2e46f-3921-3f2d-a4e3-58b25cefd479,Dr.,Allie,Pagac,"79 Kunze Points",Poblacion,"Dasmariñas City",Bulacan,Array,416-710-924,"(0917) 826-8696","Skiles, Schoen and Howell","Skiles, Schoen and Howell.com","Engineering Manager",Wheat,1988-04-10,randy.kerluke@watsica.com,d}jK!>l.A~Ww/)+y[oS_
134e191b-4681-3d88-b440-9f8497d72f3f,Mrs.,Alfonzo,Walter,"64 Davis Shoal Apt. 164",Poblacion,Bulalacao,Batanes,Array,834-023-252,"(0928) 429-1401","Franecki LLC","Franecki LLC.com","Stationary Engineer OR Boiler Operator",MidnightBlue,1982-09-03,lilliana.quigley@hotmail.com,"x<-0(qRMH#m""U!,C"
f5e1c2c7-1bee-3ed2-a5d9-fc869134a054,Prof.,Saul,Gleichner,"65/53 Grimes Corners",Poblacion,Besao,Ifugao,Array,481-827-205,"(0977) 759-9763","Stanton, Schultz and Kessler","Stanton, Schultz and Kessler.com","Refractory Materials Repairer",SlateGray,2017-06-27,qharber@haag.com,<0h'a4EKhELKBU=
7a43a0c5-5571-30eb-88f7-114d61cfc18a,Mr.,Kaylin,Auer,"49A/58 Zulauf Port",Poblacion,Quirino,Quezon,Array,168-801-478,"(0948) 272-3049",Donnelly-Beier,Donnelly-Beier.com,"Freight Inspector",DarkCyan,2021-06-20,tomasa19@monahan.com,.-0?H~(P%L+vNwt
52a15ec0-c3e4-37f9-b595-6ffa79a3edd8,Ms.,Drew,Jerde,"50/47 Rath Turnpike Apt. 218",Poblacion,Banate,"Ilocos Norte",Array,947-062-416,"+63 (900) 047-1355","Ondricka Group","Ondricka Group.com","Signal Repairer OR Track Switch Repairer",OliveDrab,2017-10-25,kdouglas@yahoo.com,"""zt@Mx5d`T|tT>"
48b1cd7f-08d2-36ad-a490-dcef886cc1b4,Mr.,Chaim,Larson,"99/26 Grant Cove",Poblacion,"San Gabriel","Davao del Norte",Array,866-330-429,"(0943) 452-9198","Huel, McLaughlin and Bruen","Huel, McLaughlin and Bruen.biz","Casting Machine Operator",SlateBlue,2017-11-10,dangelo83@blanda.net,"3bVS:X""m"
43e7e3ba-04cb-3e98-8b62-aa8c40f2e1a9,Prof.,Columbus,Towne,"00A/13 Howe Lakes",Poblacion,Madalag,"Eastern Samar",Array,149-049-736,"(0973) 643-1978","Rogahn LLC","Rogahn LLC.com","Executive Secretary",Snow,2004-08-04,hahn.joesph@will.com,"|}Kr[.R1Hf5A1)4&LmW"""
00395381-b3fd-3538-8152-9b6a7d1b55d8,Ms.,Arianna,Leuschke,"64/45 Hand Bypass Suite 047",Poblacion,Pura,Sulu,Array,131-844-567,"(0938) 126-4660","Mann LLC","Mann LLC.com","Account Manager",AliceBlue,1979-01-31,jacobi.maryam@corkery.com,y]!GF2w.2:@H9bB^d
8f87a085-2944-38d5-b10c-275bcdb4ffa0,Mr.,Elouise,Dickens,"23A Kuhic Pike",Poblacion,Bokod,"Nueva Ecija",Array,517-034-631,"+63 (949) 240-9417","Kilback Group","Kilback Group.com","Industrial Equipment Maintenance",PaleGreen,2011-09-03,arianna69@yahoo.com,"p`sX3R5YD,:H+aMpu"""
f9d07a77-5529-3527-aea4-267182772f41,Prof.,Billie,Daugherty,"98 Fay Stream Apt. 127",Poblacion,Macrohon,Abra,Array,363-554-262,"(0974) 684-2787","Schoen Ltd","Schoen Ltd.info",Bookbinder,BlanchedAlmond,1982-10-18,breitenberg.rosa@vonrueden.com,`tr[35d6BY1[N%OQ
72f877f5-05ac-39e2-bc9e-952fb5875bb9,Dr.,Carmen,Kling,"18A Hegmann Views",Poblacion,"San Jose",Aklan,Array,520-336-698,"+63 (915) 360-8295","Stracke LLC","Stracke LLC.com",Forester,LightSalmon,2017-06-30,chessel@stamm.com,.T@Qw/2q^rmw_
64211391-66b3-313d-9a69-14bbeceb362c,Miss,Mathew,Bernhard,"73/39 Goodwin Route",Poblacion,"Cebu City",Sarangani,Array,846-465-666,"(0978) 107-0540","Beer Inc","Beer Inc.com","Crushing Grinding Machine Operator",ForestGreen,1976-08-06,ablanda@gmail.com,LRD@p6bXT2sB
64db0032-660a-39eb-ab6a-e80b17c38981,Prof.,Felton,Lueilwitz,"15A/45 Schinner Streets",Poblacion,"Sierra Bullones",Leyte,Array,439-529-870,"(0938) 264-0620","Schmitt, Davis and Schaefer","Schmitt, Davis and Schaefer.biz",Locksmith,SaddleBrown,1995-02-01,ernser.marguerite@pollich.com,cU6I7OZj_07D[bcKh08;
464f1ce0-4492-3964-b88b-fae7fb758b55,Mr.,Sydnee,Kuhic,"62 Gorczany Mills",Poblacion,"Ungkaya Pukan",Capiz,Array,361-179-136,"+63 (939) 931-4858",Waelchi-Ullrich,Waelchi-Ullrich.net,"Industrial Production Manager",GreenYellow,2019-10-11,kgibson@white.com,|Yd4js%s?Z<&d
6a8035dd-6c8d-35dc-9f69-493d82655490,Miss,Jasper,Turcotte,"32A/20 Sipes Springs",Poblacion,Bautista,"Misamis Oriental",Array,136-172-726,"+63 (938) 665-5195",Klocko-Huel,Klocko-Huel.com,"Computer Software Engineer",Brown,1987-08-28,goyette.jackie@hotmail.com,?50BZN{
7c3d3b7c-f42b-36f9-93a7-7bc2ed1805da,Mr.,Taryn,Johns,"45/81 Schroeder Rue",Poblacion,Calumpit,Basilan,Array,193-930-003,"(0813) 916-9384",Morar-Cremin,Morar-Cremin.com,"Atmospheric and Space Scientist",Ivory,1981-04-27,rdibbert@gmail.com,"Mb""6ee)^SFu~2Ww#m"
d8672043-78fd-392d-917f-a5f785573ea6,Mr.,Morton,Kemmer,"61/20 Yundt Plains Apt. 120",Poblacion,Leganes,Masbate,Array,043-064-076,"(0974) 915-1997",Johnston-Kilback,Johnston-Kilback.com,"Marine Oiler",DarkViolet,1985-02-10,joanne.kuhic@yahoo.com,^Yi.XL`(0PdDNi`O
b703711f-efce-317f-8df8-130d10f026fd,Miss,Garth,Davis,"98A Armstrong Pike Suite 077",Poblacion,Castilla,"Davao del Norte",Array,848-700-481,"+63 (933) 368-8289",Spinka-Skiles,Spinka-Skiles.net,"Occupational Therapist",DarkSlateGray,1997-03-31,allie16@keebler.com,#$&}UBjD<xEeflDSTsXq
1b8bfbca-53a4-3e96-8271-aed39fb11434,Prof.,Darby,Block,"39A Willms Creek Suite 176",Poblacion,Taal,"Zamboanga del Sur",Array,885-026-506,"+63 (930) 312-6342","Kuhlman and Sons","Kuhlman and Sons.com","Engine Assembler",SaddleBrown,1989-04-14,ricardo53@gmail.com,PFD7sw1P%rjV7vdG
ce15861b-df59-3f35-8f21-12f294beeeba,Prof.,Edgar,Feest,"61A Casper Wall Suite 602",Poblacion,Diplahan,"Davao Oriental",Array,051-088-887,"(0906) 959-7502",Green-Batz,Green-Batz.info,"Production Control Manager",DarkViolet,1972-11-26,rollin.kling@ebert.com,kGN67C1
0975e482-37d4-3647-9f4f-1b64984c7d4d,Dr.,Tyler,Kunze,"25 Fadel Cliff",Poblacion,Jabonga,Masbate,Array,222-285-613,"(0915) 608-1959",Wintheiser-Flatley,Wintheiser-Flatley.com,"Speech-Language Pathologist",Aqua,1986-05-06,kling.noe@dickinson.com,2}qu6]
8a74c41a-5c28-3e50-b9e2-c617d6bcae05,Prof.,Pedro,McClure,"86A/46 Runolfsdottir Rapid",Poblacion,Buenavista,"Nueva Vizcaya",Array,739-456-022,"(0917) 079-5883",Metz-Feil,Metz-Feil.info,Bookkeeper,PaleGoldenRod,1971-05-09,spinka.nat@hotmail.com,"gAj""bP5!"
a198bc5c-b60f-3827-ab0a-8bf4e3d411d4,Mr.,Santina,Veum,"35/35 Boyle Brook Suite 332",Poblacion,"Maria Aurora","Lanao del Sur",Array,151-941-857,"+63 (975) 436-0639",Kris-Torphy,Kris-Torphy.com,Engraver,DarkSeaGreen,2018-06-08,schaden.liana@yahoo.com,>;j!fZHSF#`SiT
1b28d01a-84e4-3486-8734-9617cff8dd12,Mrs.,Raphael,Lehner,"51/19 Fahey Views Apt. 462",Poblacion,Lingig,"Surigao del Norte",Array,361-222-210,"(0919) 376-3826","Auer, Emard and Durgan","Auer, Emard and Durgan.com","General Manager",Wheat,1997-06-18,kshlerin.emanuel@gmail.com,"oJb^[pAec""My#fOdG"
07d05a73-0f94-3884-913a-d544a812cf89,Ms.,Matt,Wilderman,"15/32 Howell Throughway Apt. 583",Poblacion,Bontoc,"Ilocos Sur",Array,248-805-267,"+63 (813) 571-7029","Dietrich Inc","Dietrich Inc.com","Private Household Cook",Aqua,1970-07-22,gaylord.davion@koelpin.info,/h_gA[
7700bcfd-37f2-32d2-9112-e826b88794cc,Prof.,Orie,Ankunding,"03A Carter Shores Apt. 999",Poblacion,Divilacan,Maguindanao,Array,916-632-837,"(0942) 574-0698",Zemlak-Pouros,Zemlak-Pouros.net,Judge,LightYellow,1995-01-21,xstehr@gmail.com,Oh[$sjV3Ww
3f4cf708-c6e5-3903-a890-1e3be60e07d6,Ms.,Ressie,Beahan,"85/37 Jacobi Plaza Apt. 744",Poblacion,Laoang,Abra,Array,234-744-568,"(0949) 415-0252",Homenick-Douglas,Homenick-Douglas.com,"Precision Printing Worker",Purple,2007-12-11,stacy53@yahoo.com,pN:}l~ZK4qGZ
219ad4f6-c071-3cc3-8d30-c1467e1d9ecd,Prof.,Ashley,Schmidt,"43A Parker Garden Apt. 555",Poblacion,Marogong,Basilan,Array,446-060-834,"+63 (918) 855-5051","Cummings, Zieme and Kessler","Cummings, Zieme and Kessler.info","License Clerk",Lavender,1978-01-24,mgrady@gmail.com,~tRPZaH*+]~
1eda9da1-bba4-3077-8664-963d0be20f36,Mrs.,Brian,Greenholt,"40/59 Wiegand Circles",Poblacion,"Datu Anggal Midtimbang",Antique,Array,193-698-063,"(0932) 403-8654","Daugherty Ltd","Daugherty Ltd.com","Protective Service Worker",IndianRed,2023-05-20,lucas.bauch@gmail.com,^CEu<p<g]JHONDG$
a5af679a-b17d-3001-ac5c-e16e5ce3fe5c,Prof.,Noel,Stanton,"89A Kuvalis Flats",Poblacion,Rizal,Palawan,Array,686-152-430,"(0933) 553-1242","Volkman, Bogisich and Brakus","Volkman, Bogisich and Brakus.com","Housekeeping Supervisor",LightPink,1989-11-09,phills@yahoo.com,"XI^:I*PzZh2A`"""
250b033b-4a36-3416-8a06-b919107d517c,Prof.,Crystal,Hintz,"60A/85 Dickens Crescent Apt. 040",Poblacion,"Santa Barbara","South Cotabato",Array,531-280-463,"+63 (943) 210-6237",Bartoletti-Smith,Bartoletti-Smith.info,"Financial Manager",Plum,1970-09-13,nels91@hotmail.com,r`p%ekA<}n2@WU;
52193e0b-8e2a-3889-a9d3-0655e645dab3,Ms.,Jaylen,Terry,"36A Mann Islands",Poblacion,"Del Carmen","Surigao del Norte",Array,492-834-830,"+63 (936) 880-3485","Blanda, Halvorson and Hauck","Blanda, Halvorson and Hauck.com","Cement Mason and Concrete Finisher",DodgerBlue,2015-04-12,mkuhic@yahoo.com,wX<a)m'MENooUbku~^]e
40d1c601-2f87-33f0-bf4b-c2213d1acaa4,Prof.,Sabrina,Kutch,"33 Keeling Fall Suite 706",Poblacion,Lubuagan,Bataan,Array,856-790-100,"(0906) 388-7958",Luettgen-Tromp,Luettgen-Tromp.net,"Photographic Developer",DarkViolet,2020-04-28,alaina.bogan@gmail.com,WK~}CV>;ev!L[c~r[L&
aacae62d-b0e4-3350-9b90-80809762372e,Mr.,Adela,Gottlieb,"82/84 Veum Cape Suite 099",Poblacion,Talisayan,Batangas,Array,902-572-697,"+63 (978) 679-1876",Lubowitz-D'Amore,Lubowitz-D'Amore.com,"Soil Scientist OR Plant Scientist",LightSeaGreen,1977-08-20,carroll.burdette@yahoo.com,6QVwZ;ob|O=-d([*0.l
3a9239e4-7296-3b18-8e0d-383f56ad40bd,Dr.,Kendall,Connelly,"73A/53 Turcotte Run Suite 626",Poblacion,Lagonoy,Romblon,Array,438-304-563,"(0943) 877-6677","Ratke, Marks and Hill","Ratke, Marks and Hill.info","Camera Repairer",DarkViolet,2000-10-25,rosina.ebert@gmail.com,C:~!&.RG^:
eac0092d-7be0-357a-8b8d-9d54b00e8ca5,Prof.,Etha,Wuckert,"15 Abbott Stravenue",Poblacion,Santiago,"Negros Oriental",Array,617-295-184,"+63 (989) 577-6018","Robel and Sons","Robel and Sons.com",Teacher,LightSteelBlue,1998-12-26,effertz.theresa@hoppe.com,"Id~Vnp,$ko"
d040c828-1ff8-36d5-9d2b-36950bd8e4e0,Dr.,Cristina,Wiegand,"18A Orn Road Suite 385",Poblacion,Bato,"Oriental Mindoro",Array,125-294-308,"+63 (928) 834-6493","Zieme LLC","Zieme LLC.com","Gaming Manager",MidnightBlue,1983-08-25,alek.carroll@yahoo.com,T*RHW9g
49d9fafc-8b9a-3bc2-9a1a-37c5bb0cce32,Dr.,Dale,Satterfield,"75A/98 Beatty Stravenue",Poblacion,Mapun,"Lanao del Sur",Array,413-761-609,"(0946) 320-7236","Carroll PLC","Carroll PLC.net",Manicurists,DarkViolet,2010-11-11,carmella66@mayer.info,>)85YI
f49489fa-b41c-3159-9589-c2567b241fba,Mrs.,Ronny,Goodwin,"54A/40 Huel Field",Poblacion,Boac,Bohol,Array,330-725-070,"(0929) 656-4349",Kautzer-Reinger,Kautzer-Reinger.com,"Business Teacher",Salmon,2004-03-21,jroberts@quitzon.net,2o6zej`x
92673918-7b6a-3ce3-921e-22b3959bd638,Prof.,Lorenz,Johnston,"60 Cartwright Key",Poblacion,Kananga,"Occidental Mindoro",Array,513-831-000,"+63 (915) 808-2095","Veum, Reichel and O'Hara","Veum, Reichel and O'Hara.biz","Lawn Service Manager",Silver,2012-09-13,kyla.erdman@wunsch.com,n[/87'M!MT$G1ho
a63cf2db-4c4a-37e2-b08b-4e8198e5c136,Prof.,Elvie,Ledner,"32/77 Bednar Walk",Poblacion,Alabel,Romblon,Array,490-707-823,"+63 (910) 371-7700",Stark-Hoppe,Stark-Hoppe.org,Geoscientists,PaleTurquoise,1988-01-29,kling.corine@gmail.com,!E.JFG
39ecc051-2d0d-3a58-bb3f-2ea31761cf9c,Miss,Modesto,Okuneva,"94 Johnston Isle",Poblacion,Echague,Zambales,Array,545-980-513,"+63 (910) 866-6007","Adams, Toy and Ortiz","Adams, Toy and Ortiz.com","Aircraft Cargo Handling Supervisor",LightSteelBlue,1970-11-20,feeney.norbert@yahoo.com,Y4y^Vyu`MVHIZd
67e97d5e-9a11-3a96-b696-f79c69b7c465,Dr.,Marielle,Terry,"61A/61 Hayes Path Suite 878",Poblacion,Sebaste,"Northern Samar",Array,348-726-772,"(0997) 264-1207","Bruen Group","Bruen Group.com","Industrial Equipment Maintenance",MintCream,1994-12-05,xkonopelski@gmail.com,8*99Ev17ov@@V(ba]Wg{
558c2911-3f53-30b9-bdf2-9e5003103891,Dr.,Marcella,Davis,"56/84 Weber Alley",Poblacion,Binalonan,Cotabato,Array,683-344-927,"(0917) 968-6370","Buckridge, Quitzon and McCullough","Buckridge, Quitzon and McCullough.com","Plating Operator",MediumTurquoise,1979-06-27,ckris@gmail.com,b$J)9O}wc<J:[J57
2fd33679-b3c8-32c8-8fe4-b2eaa1adc6c1,Mrs.,Hortense,Rodriguez,"11A Mann Key Suite 361",Poblacion,"Santa Teresita",Sulu,Array,327-859-868,"(0908) 510-7523","Nikolaus, Kiehn and Volkman","Nikolaus, Kiehn and Volkman.com","Occupational Health Safety Technician",Linen,2019-01-04,amira.runolfsdottir@lebsack.com,"S@t1/p|{t""^#(}Uqd"
58b03b40-f7c7-37bb-8198-09359afb1535,Prof.,Ike,Thiel,"68 Wintheiser Squares Apt. 451",Poblacion,"Santa Ignacia","Agusan del Sur",Array,330-264-962,"(0932) 256-5819","Gorczany, Schuppe and Cummings","Gorczany, Schuppe and Cummings.com","Gaming Service Worker",RosyBrown,2018-05-03,reyes08@hammes.org,z3aXl}$T{3BZkz(}Ad5
873eefc9-7a84-35c1-a508-85cbf6152aa3,Dr.,Trycia,Parker,"56 Stracke Terrace Suite 407",Poblacion,"Tomas Oppus",Kalinga,Array,289-747-147,"(0999) 643-0361","Cummings, Hegmann and Ziemann","Cummings, Hegmann and Ziemann.com",Barber,Green,1975-12-07,dubuque.shakira@weimann.info,jjITLE~m;
57634c6b-ff9f-319f-9b0a-9d5ad0bb7d67,Miss,Crawford,Parisian,"86 Wiegand Points",Poblacion,"Santa Cruz",Palawan,Array,211-171-935,"(0942) 920-6258","Sporer PLC","Sporer PLC.info","Automotive Body Repairer",Tan,1995-03-09,xjacobs@hotmail.com,qrtu%L$HU
bf38329b-5511-3e92-9dbf-b57d51c178b9,Dr.,Jakayla,Bode,"83/50 Gutmann Groves Apt. 155",Poblacion,"Bacoor City",Zambales,Array,816-955-236,"(0946) 386-8042","Littel, Pollich and Collier","Littel, Pollich and Collier.net",Silversmith,Silver,1977-03-13,zkunze@hotmail.com,"SQ1k0LC]:Xiw(=""p"
17639b15-9cd2-32ae-8bcc-2129ae8e5c83,Prof.,Santiago,Wuckert,"39A Boyer Ridges",Poblacion,Asingan,"Misamis Oriental",Array,327-608-591,"+63 (940) 963-0374","Huels and Sons","Huels and Sons.biz",Electrician,MediumTurquoise,2009-03-06,kristin62@hotmail.com,&`69O>9
5f49ec63-d2b2-3ea4-9aea-10ad676ac1e1,Prof.,Kaley,Johns,"31A/35 Terry Oval",Poblacion,Tayasan,Capiz,Array,893-546-773,"(0934) 570-3137","Macejkovic Group","Macejkovic Group.com","Welding Machine Setter",LightBlue,2013-04-14,florine73@hotmail.com,JRPIO>fv;#(
03dd27f3-8f60-3d0b-8233-45278c330562,Miss,Catherine,Bartell,"49A Treutel Pass",Poblacion,Cataingan,Antique,Array,961-756-311,"(0918) 402-9476","Beier PLC","Beier PLC.com","Dental Laboratory Technician",Olive,1996-12-20,haleigh36@kovacek.com,hlLvaMxmF;wZ/gQJ@E>
1fc03f87-ef65-3c79-a56e-d307effa7e97,Dr.,Garett,Romaguera,"76A Kerluke Vista Suite 113",Poblacion,Naguilian,"Mountain Province",Array,838-212-896,"+63 (949) 574-5709","Bradtke, Cronin and Lubowitz","Bradtke, Cronin and Lubowitz.com","Nuclear Technician",GoldenRod,2008-02-29,gbeer@gmail.com,>t|/h{_A
0b204d76-c6ff-3cd0-9b0e-866898950520,Prof.,Ottis,Daniel,"57A/00 Abbott Ville Apt. 892",Poblacion,Cardona,"Misamis Occidental",Array,679-800-846,"(0938) 131-9941",Schaden-Gutkowski,Schaden-Gutkowski.com,"Watch Repairer",MediumSeaGreen,1994-09-19,ramona.keeling@hotmail.com,"-a_1[/zzG\+EGK=p;]mC"
c7943421-b5aa-3453-8487-0eb213ecc98f,Dr.,Verda,Homenick,"08A Mayer Tunnel Suite 606",Poblacion,"Nueva Era","Zamboanga Sibugay",Array,780-084-324,"(0939) 061-4705","Rosenbaum and Sons","Rosenbaum and Sons.com",Legislator,DimGray,1988-02-01,johns.ivy@gmail.com,"_xTi+5oa;@IM5,CcOov"
fbc506d9-0793-3178-94c5-714a9ead61ef,Mrs.,Garland,Corwin,"71A/60 Abbott Mountain",Poblacion,"San Andres",Albay,Array,696-357-368,"(0932) 325-8813","Koss, Friesen and Legros","Koss, Friesen and Legros.biz","Payroll Clerk",Chartreuse,2023-10-05,reinhold74@hotmail.com,q=cFSbx*l7}%
dbbdf0cb-62a2-3ced-8e6b-e3708cc3414c,Miss,Timothy,Gutkowski,"51A Schaden Junction Apt. 989",Poblacion,Nampicuan,Rizal,Array,460-038-782,"+63 (817) 811-2957","Mayer PLC","Mayer PLC.biz","Railroad Conductors",BurlyWood,1990-03-10,spencer.zoila@kohler.info,(QkAX#S%*l#KF];Dar
72107fcc-ffbe-39b0-bd62-2adb7c403654,Mr.,Era,Johns,"73A/19 Wyman Estate Suite 042",Poblacion,Talusan,Bukidnon,Array,390-405-362,"(0946) 435-3987","Sawayn, Bartoletti and Weimann","Sawayn, Bartoletti and Weimann.com","Poultry Cutter",DarkSalmon,1972-01-24,schuppe.citlalli@gmail.com,3H^S%gW#`&?p):sR
50ca35d6-b5d2-3593-ae0c-3623b012cc78,Prof.,Mitchel,Ruecker,"49A Casper Motorway",Poblacion,Isulan,Pampanga,Array,764-865-890,"(0989) 708-0827","Langosh LLC","Langosh LLC.com","Landscape Architect",Turquoise,2019-03-20,fflatley@yahoo.com,"""\Vl7CKoj?""iBV"
0b0d9423-96ce-35c6-82ca-93926dd568c9,Mrs.,Keenan,Torphy,"15A/64 Wiza Coves Apt. 324",Poblacion,Peñarrubia,"Nueva Ecija",Array,661-227-463,"+63 (900) 500-6250",Reinger-Zieme,Reinger-Zieme.biz,"Claims Adjuster",DarkKhaki,2007-07-25,lisa58@hotmail.com,W]*{Ok&+n(&Ys
7aab0a06-1135-34f0-9227-e0db8437a15b,Dr.,Annalise,Renner,"88/26 Torphy Coves Apt. 016",Poblacion,"San Narciso",Bohol,Array,360-253-862,"(0971) 430-6840","Lynch Inc","Lynch Inc.com","Photographic Processing Machine Operator",Chartreuse,1973-06-23,rebekah71@gmail.com,-5q2L!0G_WE
5246f63f-6203-3ef7-8f3f-5b13ea3add54,Mr.,Jayda,Turcotte,"25 Durgan Estate Apt. 716",Poblacion,Saguday,Benguet,Array,036-256-612,"(0927) 655-7309","Mraz Inc","Mraz Inc.com","Travel Agent",DarkOrchid,2004-01-03,geo.lowe@marvin.com,WQ?<;!0s~xO>`
8e74bd61-cde4-3ae9-9de3-c0a67b3d43d7,Mr.,Amanda,Hoppe,"92 Waters Field",Poblacion,"Tacurong City","Camarines Sur",Array,880-872-139,"+63 (911) 703-0983","Keebler LLC","Keebler LLC.com",Singer,DarkSeaGreen,1995-03-16,nora29@jaskolski.com,xc|}28P*..mX
0291c530-7cba-33c5-9137-610a5fa306fb,Prof.,Antwan,Kshlerin,"99/40 Marks Falls Apt. 347",Poblacion,Umingan,Isabela,Array,086-202-099,"+63 (974) 471-3120","D'Amore Group","D'Amore Group.net","Communications Teacher",Lavender,1979-07-18,sim.lockman@yahoo.com,"'bg3y&u:,Rh"
f79a4f10-72fd-3890-a79a-06aa99c9a056,Dr.,Vernie,Crist,"01A Casper Plains",Poblacion,Lemery,Biliran,Array,745-950-325,"(0936) 375-6938","Powlowski Inc","Powlowski Inc.com","Forging Machine Setter",BlueViolet,1982-12-27,kuhlman.ellis@romaguera.com,=1=3~6moMJ%oo@{`!!
4342c5b4-a794-3366-bc4e-e5f7691febeb,Dr.,Clare,Gusikowski,"52/69 Runte Branch Apt. 624",Poblacion,Mapanas,"Lanao del Norte",Array,099-549-993,"+63 (939) 210-2998",Wintheiser-Raynor,Wintheiser-Raynor.com,Hydrologist,MediumBlue,1992-02-03,flo18@hotmail.com,)L!ruDt`>g
66cee73c-4807-3110-9e11-cd2c132ffe13,Prof.,Isidro,King,"13/45 Wunsch Row",Poblacion,Pandag,Benguet,Array,332-835-683,"(0927) 084-3876","Powlowski, Ernser and Lueilwitz","Powlowski, Ernser and Lueilwitz.com","Psychiatric Aide",DarkKhaki,2022-10-24,damien.hegmann@hotmail.com,t8Y_@YrD*M
0c3338a0-1e7c-3b18-8ca0-208bb926df16,Ms.,Nicolette,Dickinson,"59/16 Trantow Ramp",Poblacion,"General Nakar","Lanao del Sur",Array,102-287-787,"+63 (908) 037-3914",Stoltenberg-Kilback,Stoltenberg-Kilback.net,"Chemical Engineer",IndianRed,2004-02-11,jerry.turcotte@waelchi.com,B+BDWw-
d9c4cfaa-4b78-3a0d-8f40-b0f26fb82aa3,Mrs.,Marcellus,Rogahn,"35/68 Cronin Manor Suite 356",Poblacion,"San Nicolas","Eastern Samar",Array,821-450-676,"+63 (944) 925-2594",Schumm-Kertzmann,Schumm-Kertzmann.net,"Wind Instrument Repairer",DarkKhaki,1977-03-09,daniel.ronaldo@hotmail.com,"%VC<w\xS/aTYYG]g"
45e33016-8e80-3915-93c1-c4548ceb4566,Prof.,Lou,Koss,"26 Schamberger Glens",Poblacion,"Poona Bayabao",Guimaras,Array,243-778-127,"(0912) 046-2169","Dicki LLC","Dicki LLC.net","Mechanical Drafter",Blue,1981-01-11,boyer.athena@hotmail.com,h~}<Cz:oOrfv.f8SQ
483fd8b5-580e-3619-95da-2bffa7c9d414,Mrs.,Bernice,Breitenberg,"71/45 Little Camp Suite 205",Poblacion,Bongabon,Siquijor,Array,465-829-746,"(0927) 047-4058",Weissnat-McDermott,Weissnat-McDermott.info,"Tire Changer",SandyBrown,1977-03-20,arthur93@yahoo.com,M^];9me
f3f640ab-2e6b-358a-ae36-7b15c86df321,Dr.,Johnny,Satterfield,"01A Swaniawski Common Suite 027",Poblacion,Saguiaran,Quirino,Array,184-425-517,"+63 (937) 799-5039","Crooks LLC","Crooks LLC.org","Marine Oiler",MediumBlue,1989-07-05,rowland68@jenkins.com,"<F,?8:"
8956998a-3fc9-38e4-ae4b-43c4ab733264,Prof.,Cristian,Stiedemann,"60A/63 Hoppe Haven",Poblacion,Sugbongcogon,Laguna,Array,255-698-538,"(0937) 223-8892","Goodwin LLC","Goodwin LLC.org","School Social Worker",Maroon,1997-12-18,zhoppe@ryan.info,"\T(1gMP,F)i4"
685d8928-8adb-355f-b8b4-91956c9fb46d,Ms.,Dereck,Hermann,"61 McDermott Rue",Poblacion,Tanudan,Pangasinan,Array,792-435-694,"(0934) 064-2841",Ziemann-Doyle,Ziemann-Doyle.info,"Power Distributors OR Dispatcher",MediumTurquoise,1980-03-16,erick53@stokes.biz,"[`0h-,GR@:>"
950805c3-f441-38cf-8da5-ed419415cd86,Prof.,Margarett,Feeney,"32/38 Mayer Forge Apt. 118",Poblacion,Banna,"Northern Samar",Array,539-979-338,"+63 (925) 202-9702",Fisher-Mante,Fisher-Mante.com,Glazier,IndianRed,1998-09-01,tbaumbach@howe.com,}gUztF'D3~J
28b5405c-a739-3468-afb3-d878dd57478c,Prof.,Mateo,Schaden,"92A/06 Kuvalis Hill",Poblacion,Josefina,Basilan,Array,690-043-446,"(0931) 754-0140","Schuppe, Moore and Runolfsdottir","Schuppe, Moore and Runolfsdottir.com","Financial Analyst",MediumAquaMarine,2007-08-22,rickey40@gmail.com,mAEP1Vow%[iP'R
4d477b0a-06ac-3904-87c8-87e8bbc68128,Mrs.,Will,Considine,"15A/87 Schroeder Lakes Suite 717",Poblacion,Jimenez,Sulu,Array,923-418-851,"+63 (917) 048-1933","Mann Inc","Mann Inc.com","Substance Abuse Social Worker",DarkOliveGreen,1984-05-08,fred.beatty@gmail.com,"6AD:|Ed""uVPafH|"
5b1d7c3d-7a55-373f-bac3-f124c15de1fc,Mrs.,Daren,Spinka,"82A/38 Torphy Ramp",Poblacion,Anda,"Surigao del Norte",Array,953-274-027,"+63 (937) 868-1239","McGlynn, Ward and Ebert","McGlynn, Ward and Ebert.net","Precision Mold and Pattern Caster",DarkSlateGray,1972-10-15,phintz@walsh.com,"""*-n&vkV~vDd[`"
6927c37b-180e-37f9-a424-da6955b885ee,Dr.,Murphy,Olson,"43 Kuhn Pike Apt. 620",Poblacion,Agutaya,Tawi-Tawi,Array,020-676-873,"+63 (937) 485-0464","Ziemann Inc","Ziemann Inc.com","Graduate Teaching Assistant",Cornsilk,1992-12-20,metz.salvador@wilkinson.com,~EsBDKM]^}t=Y0
8e1ab7d1-1f31-32c4-b0a5-f9aa7ae3787c,Prof.,Alan,Rosenbaum,"02A/47 Olson Dale Apt. 191",Poblacion,"El Nido",Cotabato,Array,181-851-899,"(0978) 855-2281","Hermiston Inc","Hermiston Inc.org",Paralegal,LightBlue,2003-10-03,sadie34@hotmail.com,"f<t[:<O\@"
aec9cbaf-beb4-3147-9cf7-4ea0b46c9cd8,Dr.,Carmelo,Marquardt,"44A/73 Tillman Village Suite 403",Poblacion,Magdiwang,"Camarines Norte",Array,311-977-322,"(0916) 777-0563",Luettgen-Torp,Luettgen-Torp.biz,"Central Office Operator",Khaki,1972-08-14,dameon.nolan@sawayn.biz,"ri.{\l("
44544fb7-5d72-34a6-94a7-fc90fdf63c9f,Dr.,Minnie,Parker,"96 Ernser Springs Suite 809",Poblacion,Cortes,Sorsogon,Array,739-097-074,"(0917) 732-8077",Mitchell-Cummings,Mitchell-Cummings.com,"Extraction Worker",Moccasin,2016-01-04,frami.sonny@hotmail.com,""".okWA_wI"
8f0176f9-2455-3160-b552-1ba4c2597690,Prof.,Buck,Lind,"53 Shanahan Landing Suite 269",Poblacion,Cabarroguis,Basilan,Array,931-208-492,"+63 (905) 088-4880","Miller Inc","Miller Inc.org","Plate Finisher",LightGray,2001-10-09,halvorson.zane@rosenbaum.org,"]IJ""g{[qkmW~zxmg2!M"
73205522-7cdc-355d-be55-5dc24162b7eb,Dr.,Kim,Runte,"83/93 Hermiston Dam Suite 184",Poblacion,Kapatagan,"Lanao del Sur",Array,079-168-208,"+63 (917) 792-6936","Swift and Sons","Swift and Sons.com","Medical Equipment Preparer",LightCoral,1976-09-13,irowe@macejkovic.info,%P=c|Bk
6beb3b6a-995c-3a7d-80ce-4c71de4a5d8c,Ms.,Eunice,Stehr,"75A/23 Hettinger Stream",Poblacion,Camaligan,Pampanga,Array,147-690-848,"(0921) 191-0680","Kassulke, Kling and Hansen","Kassulke, Kling and Hansen.net","Battery Repairer",SeaGreen,1972-02-28,gschimmel@gmail.com,=Cr}l(i:bh?i:
460cbdd4-6133-3799-b79c-2e6b22012da4,Miss,Afton,Feeney,"44A/74 Bartoletti Dale",Poblacion,Sikatuna,Basilan,Array,516-779-115,"+63 (938) 972-4128","Adams Group","Adams Group.com","Occupational Therapist Assistant",Peru,1991-07-17,anderson.junius@kunde.com,"+z^u,<>G9X]wz"
f17bb3db-7aa8-3d08-8cc6-6fab5cc77aae,Dr.,Johnathon,Brakus,"53 Goldner Burgs",Poblacion,"San Jose",Apayao,Array,638-069-206,"+63 (917) 690-8614",Steuber-Pacocha,Steuber-Pacocha.net,"Casting Machine Set-Up Operator",RosyBrown,2022-06-19,doyle18@schowalter.com,7Ere}Ov>'QZ3
30438b92-a851-3818-8316-76a22135b6ee,Dr.,Maynard,Kovacek,"11 Okuneva Springs Apt. 701",Poblacion,Bauang,"Nueva Ecija",Array,063-918-661,"+63 (978) 549-8820","Jaskolski Group","Jaskolski Group.com","Motorboat Mechanic",MidnightBlue,1981-09-01,chadd.armstrong@yahoo.com,l}0ah#p]:+)uVuGQr3i9
84138df1-5bc1-31fc-8817-e24a0ee2ce5d,Prof.,Monroe,Bogisich,"77 Mertz Wall",Poblacion,Abuyog,"Mountain Province",Array,759-665-706,"(0938) 739-0205",Corwin-Herman,Corwin-Herman.net,"Production Control Manager",DodgerBlue,2008-05-05,augustus21@zulauf.net,FO@!jk(yH
48f63167-4df6-33ea-a9e7-c2552dfc1495,Prof.,Christ,Schmidt,"46 Crooks Road",Poblacion,Mankayan,Basilan,Array,131-889-858,"+63 (979) 872-3692","Moore LLC","Moore LLC.com","Locker Room Attendant",BlanchedAlmond,1973-06-10,amparo.kautzer@yahoo.com,59VF.+KNak`qH
685ed92e-6e41-3aa6-b989-16fada209faa,Mr.,Perry,Gaylord,"95 Lehner Way Suite 706",Poblacion,Tangalan,Capiz,Array,639-007-742,"(0937) 835-3203",Moore-Johnston,Moore-Johnston.org,"Photographic Process Worker",DarkMagenta,1988-05-21,iharber@jerde.com,w}eX|2
726b077a-3489-3411-b392-d3acd0509d38,Mr.,Wade,Terry,"35/96 West Pines",Poblacion,Matungao,"Davao del Sur",Array,080-117-601,"(0813) 314-5071",Bogisich-Cruickshank,Bogisich-Cruickshank.com,Obstetrician,LightSeaGreen,1991-10-01,mschmidt@legros.com,"Il8~c)\E0qFd~9$"
274eeb4e-abb5-35c8-9bb9-44da1bcb7019,Prof.,Nina,Gaylord,"58/75 Feil Cliff Suite 203",Poblacion,Jasaan,"Negros Occidental",Array,052-925-035,"(0999) 851-8940","Emard, Kuhic and O'Keefe","Emard, Kuhic and O'Keefe.com","Production Worker",Indigo,1983-05-09,karine.wehner@hotmail.com,af'E.F56CJG+{X)w2j
27378e89-521d-366d-bb70-102ca659d91f,Prof.,Jasen,Boyle,"46 Thompson Center Apt. 735",Poblacion,Sumilao,Capiz,Array,396-118-825,"+63 (906) 801-2025",Dooley-Lockman,Dooley-Lockman.com,Molder,LightYellow,1994-08-31,johnathan96@schiller.com,"8j1'//CPR,z*Y1EHMlO"
12f4e7f9-2e16-3cfd-a338-844bd09ee4d6,Prof.,Lula,Hettinger,"45/26 Turner Park Suite 973",Poblacion,Ubay,"Camarines Norte",Array,292-469-470,"(0813) 195-3663",Hoeger-Harber,Hoeger-Harber.org,"Soil Scientist OR Plant Scientist",SlateBlue,2016-12-24,jamir62@hotmail.com,"W8F\n,"
b4adc16e-7c1b-34a4-9e2c-b8959e726c4a,Mrs.,Sadye,Hauck,"60A/63 Lueilwitz Streets",Poblacion,Sominot,"Nueva Vizcaya",Array,777-388-927,"(0922) 305-6209","Champlin Inc","Champlin Inc.com","Criminal Investigator",Cyan,1988-02-01,mikel32@dooley.biz,"ci2NMDI('RLg.""9S3L?%"
affd98b4-8776-3d38-a4a9-01bf30882332,Mrs.,Andy,Ziemann,"55 Lynch Rapids Suite 642",Poblacion,Bugallon,Cagayan,Array,824-060-791,"(0909) 427-2772",Wolff-Cormier,Wolff-Cormier.com,"Public Transportation Inspector",LightYellow,1981-01-15,madelyn.crist@goldner.net,Hc_1e[_KZ.l[!$KZ?
d71db88d-d076-301e-822d-3776bebee2c0,Prof.,Sasha,Daniel,"46A/12 Miller Harbor Suite 346",Poblacion,"San Jose","Nueva Vizcaya",Array,345-870-085,"(0997) 699-9006","Medhurst LLC","Medhurst LLC.com","Social Scientists",DarkGreen,1992-05-13,weimann.gage@renner.biz,"HoE:R1F3TtafDm\""
e74a605a-b640-3e9c-a645-170c10a3f4fe,Dr.,Alessandro,Carter,"85 Cummings Fords Suite 562",Poblacion,Plaridel,"Eastern Samar",Array,876-115-069,"(0813) 391-3730","Williamson Group","Williamson Group.com","Child Care Worker",PaleGreen,2006-11-22,wyman.larue@collins.net,"\ybW'8E"
7d28c21d-3463-3db3-b0ee-705c49e70690,Prof.,Hassie,Wiza,"56A Leannon Tunnel",Poblacion,Butig,Aurora,Array,512-684-931,"+63 (999) 396-1427","Kohler, Barton and Beatty","Kohler, Barton and Beatty.net","Sawing Machine Setter",Plum,2007-09-04,josh.boehm@kertzmann.biz,"cj,N)+""d\"
7065cd58-b1d3-3f7c-ac14-efbfa57530a3,Mrs.,Bethel,Grady,"89/66 Schowalter Corners",Poblacion,Gamay,Bohol,Array,855-287-379,"(0919) 010-4364","Brekke Ltd","Brekke Ltd.com",Librarian,Gold,1980-02-15,dario91@dare.biz,>6`<W.H/{s]HI
12b45fe2-a052-31a4-9ebc-16829f2a43a0,Dr.,Cristopher,Kunze,"33A/57 Marquardt Extension Suite 341",Poblacion,Baao,"Misamis Occidental",Array,807-214-875,"+63 (934) 291-8621","Braun Inc","Braun Inc.org",Cashier,SeaShell,1988-11-08,estefania57@gmail.com,lCmW=H)5J
a0b00da6-404f-3dee-a006-4114bc969a1d,Miss,Orie,Mohr,"32A Harber Junction Suite 340",Poblacion,Tublay,"Davao Oriental",Array,761-962-762,"+63 (907) 196-2577","Leannon, Lubowitz and West","Leannon, Lubowitz and West.com","Credit Checker",LightSkyBlue,2009-11-08,xkoch@hotmail.com,p'd#.X%(lD@
5e31dcf6-01ff-3d6c-9f41-d1c360899545,Miss,Deion,Cartwright,"35A/59 Stroman Forks",Poblacion,Binalonan,Quirino,Array,814-843-373,"+63 (921) 394-9263","Zemlak and Sons","Zemlak and Sons.com",Archeologist,MidnightBlue,2014-09-12,donnelly.al@hotmail.com,<9n*5%(s#O5E#y
9e47884d-0f47-3638-a288-ea321d699ee5,Mr.,Eudora,Grady,"44A/39 Crooks Trail Suite 696",Poblacion,Sual,Tarlac,Array,706-136-327,"+63 (912) 865-2696","Hane, Ebert and Mitchell","Hane, Ebert and Mitchell.biz",Chiropractor,Navy,2002-10-06,mable03@yahoo.com,Y`;.kWnuw1VRqL}=|qv`
4f7d07bc-3e21-3225-9c3f-86727c386f3f,Dr.,Darrell,Feil,"45A/46 Casper Rapids Apt. 837",Poblacion,Sigma,Cotabato,Array,979-632-420,"(0936) 575-8490",Balistreri-Bogisich,Balistreri-Bogisich.com,"Marine Cargo Inspector",DarkKhaki,1978-04-06,brekke.tate@hotmail.com,"}}5Pn0p|aNjC^\mDf"
d93746ff-1e21-35ef-925b-a06d65f516fc,Miss,Rahsaan,Von,"91 Hahn Trail Suite 494",Poblacion,Quezon,Cavite,Array,818-925-562,"+63 (919) 119-8299","Konopelski, Towne and Jast","Konopelski, Towne and Jast.com",Sociologist,Salmon,1991-05-19,jcorkery@hotmail.com,"s<W,'a_g3+I/pi9"
845ee723-7ee1-3380-92ab-3f0529e1922e,Mrs.,Else,Rodriguez,"62A Sauer Lakes",Poblacion,Tolosa,Pampanga,Array,852-062-536,"(0940) 041-1278","Graham, Ledner and Shields","Graham, Ledner and Shields.net","Printing Press Machine Operator",OldLace,1972-09-14,nwilderman@gmail.com,cx)WxLV6
e9d09053-7016-3584-8406-1caf3d651239,Prof.,Ari,Hilpert,"20/37 Heidenreich Islands",Poblacion,Mamasapano,Antique,Array,264-378-301,"(0979) 657-2497","Effertz, Tillman and McDermott","Effertz, Tillman and McDermott.com","Textile Cutting Machine Operator",Moccasin,2010-03-26,eulalia37@gmail.com,"J|Kz\^Mtp)""\`a0]*7"
e8e37aa1-c78d-366a-aea5-602a2168233d,Prof.,Neva,Conroy,"36A Larkin Walk Suite 942",Poblacion,Kumalarang,Antique,Array,574-963-625,"+63 (928) 122-7714",Lang-Bartoletti,Lang-Bartoletti.com,"Graphic Designer",AliceBlue,2020-04-22,daphnee.crona@roberts.com,gfTlaz7lyxgk42
00fcb7c4-a8ef-3db3-bc32-bc9b100cf7e8,Prof.,Jeremy,Swift,"94A Feil Meadows",Poblacion,Baganga,"Southern Leyte",Array,737-475-943,"+63 (931) 916-8065","Fahey, Howell and Pagac","Fahey, Howell and Pagac.info","Transportation and Material-Moving",LightPink,2002-06-08,bkuphal@hotmail.com,iElLDd]>BM
228b9842-a22d-3478-abcb-9927d1ec0585,Miss,Savion,Orn,"80/52 Stoltenberg Village",Poblacion,"Bayawan City",Zambales,Array,285-676-622,"+63 (989) 968-9549","Welch, Kilback and Green","Welch, Kilback and Green.com",Janitor,MidnightBlue,1988-07-22,rhiannon38@gmail.com,VM`87K1
9fba062f-f09d-3f4b-ae67-aed29dd9a368,Prof.,Shane,Bashirian,"04A Muller Drive",Poblacion,Batuan,"Agusan del Sur",Array,765-612-327,"+63 (910) 941-0259","Hegmann LLC","Hegmann LLC.com","Tractor Operator",Thistle,2007-08-21,jamal.parisian@gmail.com,mo@{>Vxv>
42f4a891-9c63-3db8-81f8-e1c2c5910614,Mrs.,Dejuan,Rowe,"30A Prohaska Roads",Poblacion,Taraka,"Metro Manila",Array,734-531-639,"(0912) 870-8609","Botsford Group","Botsford Group.com","Chemical Technician",DarkTurquoise,2020-08-21,phagenes@hotmail.com,xf[`8mFKG]eKJe6
3ab78752-ca4b-3ea1-b410-5c6176c0d853,Mr.,Katelyn,Lesch,"98A/66 Reynolds Lakes Apt. 954",Poblacion,Licab,Ifugao,Array,215-035-879,"(0939) 628-1905","Fisher Ltd","Fisher Ltd.com","Residential Advisor",LightGray,1979-05-22,mckenna.monahan@cartwright.com,cjeo*YI
02e18c5f-999d-3e0b-86a8-4b1bffc34d0f,Mr.,Elwyn,Sporer,"33 Zulauf Mount",Poblacion,Ambaguio,Batanes,Array,649-850-529,"(0906) 712-3425","Bode Inc","Bode Inc.com","Protective Service Worker",LimeGreen,1983-08-17,maynard.ratke@hotmail.com,s0ZsPO7kK79
008a749a-9615-307a-985f-0687ea0284fb,Prof.,Triston,Koepp,"47/74 Lehner Terrace",Poblacion,"New Corella",Isabela,Array,043-936-921,"(0971) 431-1992","Rau Group","Rau Group.com","Signal Repairer OR Track Switch Repairer",PowderBlue,2013-06-10,lee23@yahoo.com,yH-3qo|||-/A
7efdb71a-a3da-33ae-b9a8-e5f3982dc03c,Dr.,Gilberto,Considine,"53 Kirlin Camp",Poblacion,Kabayan,"Camarines Sur",Array,436-456-021,"+63 (907) 642-4436",Gerlach-Schumm,Gerlach-Schumm.com,"Clinical Psychologist",LightSkyBlue,1986-05-16,ssporer@gmail.com,"zp~""LO&WG."
f8fa9099-a97b-3e19-9f62-894affe85d06,Prof.,Lydia,Batz,"64A Koch Brooks",Poblacion,Pili,"Agusan del Sur",Array,500-106-199,"+63 (912) 748-9961","Koss, Ferry and Wisoky","Koss, Ferry and Wisoky.com","Orthotist OR Prosthetist",MistyRose,2013-08-25,pklein@stanton.net,DG.Vn}m
13064d59-b0b3-3c02-9e92-bf4934f048fc,Dr.,Jarvis,Haley,"98A/72 Veum Parkway",Poblacion,Dueñas,"Davao del Norte",Array,043-097-222,"+63 (930) 633-0995",Purdy-Hansen,Purdy-Hansen.info,"Environmental Scientist",LightSlateGray,2017-07-12,yasmin.bartoletti@heaney.com,=WAR;Sq}D(
15acfe1d-36c8-366f-be16-eb23f2671304,Prof.,Esther,Fisher,"39A Torphy Station Apt. 364",Poblacion,"San Miguel",Kalinga,Array,569-412-799,"+63 (813) 537-9613",Kling-Tromp,Kling-Tromp.org,"Production Helper",DodgerBlue,1974-04-08,iwitting@schmitt.net,#=xYML
5cf75acd-6052-35a9-9fb0-1b7d455a1770,Dr.,Gage,Doyle,"62A/09 Kiehn Stream",Poblacion,Samboan,Siquijor,Array,662-308-294,"(0925) 138-1097","Durgan Group","Durgan Group.com","Model Maker",MediumSeaGreen,1997-11-03,elna.farrell@yahoo.com,8zVTfyq
b8f26f7c-8f5e-39d9-a913-9f5a9d38fc9a,Mrs.,Zella,O'Conner,"04A/31 Wintheiser Hills Suite 963",Poblacion,Talavera,"Surigao del Sur",Array,304-803-208,"(0949) 949-0898",Borer-Pacocha,Borer-Pacocha.net,Tailor,Bisque,2012-11-22,hand.estevan@gmail.com,6e6V_C-my
e39d0d3c-d4a1-3c78-a287-6aeadb293066,Prof.,Arnulfo,Gutmann,"97A/04 Wisozk Village",Poblacion,Kitaotao,Aurora,Array,535-090-283,"+63 (934) 005-7391","Treutel, Goyette and Prosacco","Treutel, Goyette and Prosacco.info","Irradiated-Fuel Handler",LightYellow,2008-10-08,lubowitz.georgette@yahoo.com,"v\$jW?"
f9af09c9-c866-35c2-96e1-4bc6c61b7223,Mrs.,Bret,Ullrich,"25A/78 Luettgen Ville",Poblacion,Tinglayan,"Metro Manila",Array,329-937-079,"+63 (915) 946-3910","Sporer, Nienow and Jones","Sporer, Nienow and Jones.info","Storage Manager OR Distribution Manager",DarkMagenta,2004-11-06,littel.nikki@towne.org,",l.`x}rL=[E[blY=-sR6"
a7e587c9-790b-3ace-9b64-f518a51ea94b,Prof.,Selmer,Kozey,"80A/51 Kuphal Locks",Poblacion,"Salvador Benedicto",Tarlac,Array,612-029-923,"(0942) 666-7680","Kuhn, Murray and Rosenbaum","Kuhn, Murray and Rosenbaum.com","Product Safety Engineer",LightSteelBlue,1984-11-26,bonita.borer@hotmail.com,"@M;dFJ9-)"""
b077b42b-4396-359b-8b4d-de4b28b91423,Prof.,Ernie,Dare,"07A Abernathy Island Apt. 372",Poblacion,Ternate,"Compostela Valley",Array,474-201-481,"+63 (948) 694-6333","Wolf Ltd","Wolf Ltd.com","Occupational Health Safety Technician",Red,1990-11-03,wilmer97@hotmail.com,",#}""-.ps#U?dB"
eba48652-8521-3df8-b306-fdb014b018d8,Mr.,Ethan,Beier,"45A Klein Glen Suite 237",Poblacion,Mahatao,Romblon,Array,198-613-662,"+63 (975) 741-9227",Oberbrunner-Gibson,Oberbrunner-Gibson.org,"Postal Service Clerk",OldLace,1976-07-10,ziemann.larissa@gmail.com,elUd-QBdj
57218c7f-3916-3489-b879-1459728379eb,Dr.,Maryam,Rutherford,"16 Jacobson Mission",Poblacion,Mangaldan,Tarlac,Array,326-509-482,"(0946) 009-0798","Gleason Inc","Gleason Inc.org","Central Office",DodgerBlue,1989-12-26,schaden.kacey@hotmail.com,$N_uMqWZ=n=ueO'w3'O
18e6f61a-b547-3c93-afca-97423f011e54,Dr.,Noah,Stanton,"08A/02 Franecki Islands Suite 722",Poblacion,Nagcarlan,Iloilo,Array,963-667-612,"(0905) 434-6961","Lockman, Prosacco and Abernathy","Lockman, Prosacco and Abernathy.com",Coroner,LightSteelBlue,2002-10-03,pollich.marilyne@yahoo.com,~!|+8Q6
39a46f4c-e536-3c6a-93f0-cafb33a82714,Prof.,Bianka,Crona,"78A/47 Leuschke Island",Poblacion,Alcala,"Camarines Norte",Array,209-417-420,"+63 (911) 187-5559","Kunde, Will and Keebler","Kunde, Will and Keebler.com",Movers,LightCyan,2017-11-29,mosciski.douglas@gmail.com,8IxVB.[Q=(U32
b2231dc1-7035-3db3-8661-8815d848a365,Dr.,Michele,Hessel,"68A/37 Bernier Common",Poblacion,Rapu-Rapu,Pampanga,Array,603-634-244,"+63 (922) 134-6842",Leannon-Friesen,Leannon-Friesen.org,"Elementary and Secondary School Administrators",ForestGreen,1975-04-26,christ.berge@stroman.net,nWRRp[
614ce4ad-0a90-3f8a-8089-a1fc5896fc42,Mrs.,Afton,Cummings,"56/34 Pfannerstill Turnpike",Poblacion,Tungawan,"Davao del Sur",Array,769-557-466,"(0813) 213-2313","Fadel, Bauch and Stracke","Fadel, Bauch and Stracke.info","Entertainment Attendant",Yellow,2002-05-27,oberbrunner.pansy@harris.com,"}Ri,zH"
f0116791-ba70-3a82-b3a2-ce54a936fed8,Prof.,Garnet,Bernier,"84 Nitzsche Shoal Suite 802",Poblacion,Albuera,"Camarines Norte",Array,813-441-833,"(0938) 557-5802","Torp Inc","Torp Inc.biz","Radio and Television Announcer",Violet,1993-03-05,roel.zieme@hotmail.com,"xDEu$JeDcY\Q"
d6c1e525-e380-3572-a516-c42f8f037b18,Mrs.,Dock,Witting,"53 Kemmer Junction",Poblacion,Jimalalud,Cagayan,Array,362-610-575,"+63 (928) 330-0909",Mante-Bosco,Mante-Bosco.info,"Recreation and Fitness Studies Teacher",LightSteelBlue,2011-06-10,sunny70@price.info,"(m{!Y85GEfb*"";_("
d018ffa4-4a8f-3926-a6ef-a028ea5730c4,Mr.,Mohamed,Konopelski,"46/42 Carroll Route Suite 342",Poblacion,Naic,Quirino,Array,472-058-612,"(0905) 143-8824",Brown-Quigley,Brown-Quigley.com,"Locker Room Attendant",Cyan,2021-07-07,urban.collins@yahoo.com,9jwoYr'e
8b8b5a62-8c80-3cda-af42-f61c65261106,Mr.,Corene,Haag,"99 Little Trafficway",Poblacion,Matalam,Tarlac,Array,612-951-436,"(0922) 200-1011",Lakin-Daniel,Lakin-Daniel.info,"Vice President Of Human Resources",LightSeaGreen,1993-09-27,kunde.twila@buckridge.com,e4uBVFQgW_
f592e258-037e-3581-9b7b-323a42958819,Dr.,Felipe,Feeney,"94 Bruen Ranch Apt. 064",Poblacion,Piagapo,"La Union",Array,079-574-977,"(0929) 933-7625","Hamill, Daugherty and Hane","Hamill, Daugherty and Hane.com",Rigger,Tomato,2007-04-21,white.toni@torp.com,I}251!^76t
c6758584-f1f2-3208-8cbe-1d89aceb3d21,Dr.,Vada,Corwin,"73 Langosh Crest",Poblacion,"Calamba City","Zamboanga del Sur",Array,142-320-545,"(0920) 543-7864",Crona-Breitenberg,Crona-Breitenberg.com,"Plant Scientist",Blue,2000-02-19,bernice.harris@shields.com,#wvO*X~v
90d9cafc-aaf5-33c3-b511-874b3666c816,Mrs.,Guadalupe,Rippin,"31 McClure Forges",Poblacion,Tinambac,"La Union",Array,455-715-011,"(0980) 121-6681","Collier Inc","Collier Inc.com","Gas Pumping Station Operator",DimGray,2021-07-29,dovie.hand@corkery.com,MOcYl(0gp-A
99a5f768-62cc-3a6f-a5d9-ba6a6270d6b3,Ms.,Andreanne,Prosacco,"09A Cronin Ferry",Poblacion,Damulog,Laguna,Array,260-988-238,"(0944) 854-2864",Rogahn-Kling,Rogahn-Kling.com,"Rock Splitter",BurlyWood,2007-03-10,rhiannon43@yahoo.com,",Nn'Jv63ZQul;*h:ll"
db45dc0a-3ba1-3774-a8eb-4625da2a6235,Dr.,Retha,Wiza,"40A Reichel Mountains",Poblacion,Bayabas,"Davao del Norte",Array,301-542-202,"(0931) 473-2234",Waelchi-Wunsch,Waelchi-Wunsch.info,"Mathematical Science Teacher",FloralWhite,2009-02-04,treutel.demarcus@denesik.com,MvCd81WY0YI@(d
476ded14-d584-3fca-982d-769c4c7702e2,Ms.,Khalid,Feil,"81 Collier Trail",Poblacion,Trinidad,Sarangani,Array,997-084-148,"+63 (948) 972-1468","Wolff Group","Wolff Group.com",CEO,MediumSlateBlue,2014-02-14,opacocha@zboncak.com,"H/|>RrtYKR""vR~z!Xr("
9d0368a9-4870-3f3f-a070-dae7fffccf73,Prof.,Cassandra,Reichert,"57 Dibbert Land Suite 894",Poblacion,Pitogo,"Negros Occidental",Array,871-616-825,"+63 (997) 279-1292","Heaney, Franecki and Nitzsche","Heaney, Franecki and Nitzsche.com","Health Educator",PaleGreen,1988-01-02,elvis57@yundt.com,Qrr[Xho)#(
95c727c0-36ec-3b1d-816e-b99f544038b6,Dr.,Luisa,Stokes,"01A Doyle Lodge Suite 222",Poblacion,Currimao,Aklan,Array,582-598-590,"+63 (989) 514-8887","Kuphal, Nader and Hansen","Kuphal, Nader and Hansen.biz",Cashier,Turquoise,2008-09-15,gulgowski.johann@yahoo.com,"@Xt\RiLu{I^3'"
cd52d005-122a-3136-9146-611292c375fd,Dr.,Florine,Dare,"23/47 Nicolas Lock Apt. 027",Poblacion,Maddela,"Southern Leyte",Array,907-995-219,"(0927) 486-3812",Schinner-Lindgren,Schinner-Lindgren.biz,"Civil Engineering Technician",MediumTurquoise,1986-05-07,jenkins.karianne@rath.com,WZ:JYdg
950bdaa9-9cda-38f3-b9e8-237bd41a3552,Ms.,Hazel,Miller,"10/68 Carroll Centers",Poblacion,Calanasan,"Camarines Norte",Array,124-254-802,"(0922) 348-8915","Kautzer Ltd","Kautzer Ltd.com",Stonemason,Plum,2022-03-17,alexzander.leannon@jacobson.com,"HwP98Nj;\j$j.z"
b192a0cd-c4fc-3066-982a-3f9063cc7cd4,Prof.,Bernhard,Nienow,"62A Hayes Union Apt. 657",Poblacion,"Rajah Buayan",Pampanga,Array,582-506-023,"+63 (934) 808-3149","Stiedemann Inc","Stiedemann Inc.com","Office and Administrative Support Worker",Moccasin,2009-12-14,duane26@oconnell.info,"Z(=~(""BP%@-]X/f]"
c9bc426d-bcca-3dda-a97b-331c40b4f08d,Dr.,Shanelle,Doyle,"51 Rutherford Cliff Apt. 557",Poblacion,Siniloan,Abra,Array,766-655-543,"(0910) 862-7526","Stamm Inc","Stamm Inc.com","Secondary School Teacher",Aqua,2011-05-15,haley.emil@yahoo.com,8|~7gP#vQ9v02;u
68882073-d0b6-3d96-9547-6e8617e3fad8,Dr.,Shyanne,Braun,"83/19 Adams Junctions Apt. 343",Poblacion,Naga,Biliran,Array,157-551-462,"+63 (989) 897-3111",Raynor-Hayes,Raynor-Hayes.com,Telemarketer,Chartreuse,1997-04-14,joy.morar@borer.com,",e$_QjaaD%$G)v!"
a01638b4-1edb-37a8-982c-474ff95fa9d0,Mr.,Annabell,Kilback,"25A/29 Schroeder Dam Apt. 176",Poblacion,Simunul,"Negros Occidental",Array,233-717-564,"+63 (980) 441-9335",Crist-Kutch,Crist-Kutch.com,"Human Resource Director",MediumOrchid,2017-03-23,hackett.brandy@reynolds.com,$!@wHcpY.cQqH!9X))
ff57de78-a9b3-3949-8ac6-476eb1e088b3,Mrs.,Dedrick,Legros,"02A/84 Legros Mountains Suite 343",Poblacion,Lambunao,Maguindanao,Array,779-997-245,"+63 (919) 443-7464","Gusikowski LLC","Gusikowski LLC.com","Mathematical Science Teacher",Aquamarine,2023-08-18,alverta30@gmail.com,3W&clM5-&Y23ftf0Jx5
ea5d0dd8-a334-3fde-8207-a5847636c6d7,Mr.,Malika,Waters,"87 Turcotte Estates Apt. 433",Poblacion,Saguday,"Occidental Mindoro",Array,861-399-783,"+63 (919) 806-6403",Hudson-Pacocha,Hudson-Pacocha.com,"Personal Service Worker",Purple,1987-11-12,erick13@hotmail.com,j;Qr#R
c4c201eb-39df-3ed9-a398-cabd8207a6a2,Mrs.,Maritza,Friesen,"47/99 Herzog Branch",Poblacion,Peñaranda,"Ilocos Sur",Array,070-932-851,"+63 (917) 263-3006","Dach Group","Dach Group.com",Cartoonist,FloralWhite,1979-11-18,vincent.huels@brakus.com,hF.+1DR.xEGK7P%`<@5
713c38c5-23dd-3026-8b92-74371c421076,Ms.,Caden,Mosciski,"82 O'Reilly Orchard Suite 882",Poblacion,Javier,"Metro Manila",Array,292-140-903,"(0973) 559-4589","Kozey, Hill and Sipes","Kozey, Hill and Sipes.biz","Rail Transportation Worker",MediumAquaMarine,2006-01-20,hilton.langworth@gmail.com,"|uSV.dKH},%YWoc`P<d"
75c72a2d-8140-3ec2-a3a3-543772f73beb,Dr.,Roberto,Schuppe,"71A Lockman Springs Suite 817",Poblacion,Anilao,Batanes,Array,574-556-990,"+63 (938) 050-4815","Mueller, Nitzsche and Schulist","Mueller, Nitzsche and Schulist.com","Grinding Machine Operator",Wheat,1987-08-19,vida.heathcote@little.com,Nv/_)uP$dusI$t]DMA
c111f401-8fb0-35d0-86e3-4202bc63d7b9,Prof.,Lavonne,Heaney,"61/90 Olson Club",Poblacion,"Tagbilaran City",Batanes,Array,422-979-931,"+63 (946) 264-0811",Senger-Ward,Senger-Ward.org,"Compliance Officers",OliveDrab,2021-07-19,salvatore99@gleichner.org,2T>buPzZWR`)_
0aae3431-0deb-30dc-b600-2453470ab3c4,Dr.,Simone,Bashirian,"15A/09 Romaguera Village Suite 881",Poblacion,Pilar,Bataan,Array,027-033-274,"(0933) 752-3133","Erdman Group","Erdman Group.com","Medical Records Technician",Chocolate,1978-02-19,grenner@hotmail.com,=.>1tG>/#@
0ec66ffa-f484-32d8-b8c3-2ead64af3266,Dr.,Howard,Walter,"94A Homenick Road Suite 990",Poblacion,Itbayat,"Ilocos Sur",Array,306-220-031,"+63 (975) 413-8555","Gerlach LLC","Gerlach LLC.com",Paperhanger,LightCoral,1979-12-29,nakia35@stamm.com,~72g5gBL|i
2c54146a-16d8-3256-9a2f-d4fc34742d28,Prof.,Abbigail,Mann,"37A Brakus Vista",Poblacion,Pandami,Bataan,Array,167-914-165,"(0923) 594-1984","Grant Ltd","Grant Ltd.net","Health Services Manager",Snow,2021-12-19,renner.maeve@gmail.com,[CDk-L3|GB
d0477567-448a-3ef5-b15d-1576ed4465ed,Miss,Shania,Kemmer,"12 Trantow Spur Apt. 451",Poblacion,Matungao,Sulu,Array,778-231-688,"+63 (921) 640-8719",Heathcote-Bins,Heathcote-Bins.com,"Computer Science Teacher",DarkGray,1982-10-10,verna26@lehner.com,LHL[Ne[).A'!lM:4!.O
585b707e-684a-3f20-a35a-114eca64a8aa,Prof.,Brandi,Yundt,"30A/49 Schmitt Brooks",Poblacion,Tapul,"Lanao del Sur",Array,450-485-425,"+63 (919) 345-3912","Adams and Sons","Adams and Sons.com","Audio-Visual Collections Specialist",MediumSlateBlue,2017-05-04,bernier.kathryn@hotmail.com,I0x_u7&8
570162af-d28e-36d7-85b0-cc300ddb740a,Prof.,Jorge,Kirlin,"72 Ritchie Lights",Poblacion,Moncada,Bukidnon,Array,007-807-061,"+63 (977) 985-9150","Wiza LLC","Wiza LLC.com","Motion Picture Projectionist",SlateBlue,2007-09-03,shakira.kunde@hotmail.com,Dw0fHAXE|Q*TVX&~;
3dfe115d-fa90-3d5a-8ad5-218b067ead2b,Dr.,Tia,Mayer,"74/17 Jacobi Place Apt. 637",Poblacion,Rizal,Pangasinan,Array,923-793-427,"+63 (921) 436-7465","Metz, Ortiz and Grimes","Metz, Ortiz and Grimes.info","Insulation Worker",White,1977-02-21,mosciski.angelina@hotmail.com,pV&VUtX]-
eaef9256-256a-3a3d-aded-63cd1e56b378,Mrs.,Alvah,Johnson,"55A Vandervort Garden",Poblacion,Dingalan,"Oriental Mindoro",Array,666-942-513,"(0996) 114-2871",Satterfield-Green,Satterfield-Green.com,"Ship Pilot",OliveDrab,1990-03-02,hpollich@gmail.com,F'{G<-C'f
175ffaaf-0498-3389-af70-2dbf071a0297,Dr.,Audra,Wolf,"15A/83 Stiedemann Spring",Poblacion,"Datu Unsay","Negros Occidental",Array,904-711-928,"+63 (939) 743-0445","Adams Inc","Adams Inc.com","Chemical Plant Operator",DeepPink,1984-10-15,beer.leif@yahoo.com,".6=.,e`VMG`K9S04"
ce8c2f39-d1b0-357c-84bb-eaedac714b2d,Prof.,Eulalia,Hartmann,"29 Kassulke Loaf",Poblacion,Plaridel,"Surigao del Sur",Array,623-446-723,"+63 (911) 411-9415","O'Kon Ltd","O'Kon Ltd.com","Art Teacher",DarkSalmon,1970-07-14,kitty.mitchell@kihn.org,][8b{4u&X6(fIzYVKmq
fd67ed77-77b0-359e-85d2-4f9c83fe9571,Mr.,Gavin,King,"88A/82 Bashirian Burg",Poblacion,"Poona Piagapo",Biliran,Array,777-833-310,"(0905) 312-2031","Watsica Group","Watsica Group.com","Merchandise Displayer OR Window Trimmer",LemonChiffon,1997-04-06,tgoodwin@upton.com,P:M}Rc
bcb8ed82-4f74-37d8-a88e-64aa50ab0900,Ms.,Elda,Wyman,"72 McDermott Orchard",Poblacion,"Santa Maria","Oriental Mindoro",Array,426-329-950,"+63 (997) 065-0514","Stroman and Sons","Stroman and Sons.com",ccc,Green,1999-07-18,towne.demetrius@gmail.com,SW(w+H4QC4NUs-Uz
bbcc5292-b34a-3f23-8935-a619b692fd02,Mr.,Nicolas,Schulist,"99A Monahan Brook",Poblacion,"Jose Panganiban",Romblon,Array,102-874-459,"(0938) 711-7166","Murphy Ltd","Murphy Ltd.biz","Surgical Technologist",PaleGoldenRod,1981-09-03,sunny15@gmail.com,".Ej8c>U?\:2"
bf2f5f10-603e-34fa-a354-eacbbc098e9a,Dr.,Naomi,Bogan,"92/68 Marvin Grove",Poblacion,Lingayen,"La Union",Array,643-009-921,"(0817) 237-9078","Bergnaum, Ortiz and Hoeger","Bergnaum, Ortiz and Hoeger.com","Social Service Specialists",Violet,1977-12-18,darrion52@hotmail.com,TOw=Fk
46857ebe-a6a0-3ef9-b25c-c3be32c1d179,Prof.,Lily,DuBuque,"68 Wisozk Turnpike Suite 587",Poblacion,Cagayancillo,"Negros Oriental",Array,269-268-230,"(0948) 121-9381","Roob Inc","Roob Inc.com","Sports Book Writer",Coral,1979-05-26,noelia.cormier@hotmail.com,+k~fVK~gv
0f905c55-e274-3535-ae1a-4e9f08f3c0ee,Prof.,Lacey,Bins,"62A Homenick Trace Apt. 320",Poblacion,Alamada,"Compostela Valley",Array,157-013-080,"(0989) 399-1550","Herman, Lang and Goodwin","Herman, Lang and Goodwin.info","Machine Feeder",LightSeaGreen,1999-05-26,ekulas@yahoo.com,p~}_uyWA_ITsqbV^
d005d345-70ab-33dd-899b-be3df0d1ad68,Prof.,Lottie,Walker,"57 Denesik Union Apt. 027",Poblacion,"San Simon",Cagayan,Array,794-425-025,"(0927) 536-6903","Nicolas and Sons","Nicolas and Sons.com",Internist,PaleTurquoise,2007-08-18,zlueilwitz@oreilly.biz,26)3M2KlMv+4TJ:3-Of
0eaca960-6e59-3705-b01e-8604a3b5d74f,Dr.,Kennith,Ortiz,"50 Reynolds Views Suite 706",Poblacion,Masinloc,"Surigao del Norte",Array,115-780-595,"(0942) 516-3687",Mayer-Kerluke,Mayer-Kerluke.org,Physician,PapayaWhip,1983-09-09,sporer.kelsie@wolf.com,z/O/-PUIy
d68ee517-6c30-356f-a116-8787765eac8b,Miss,Tracey,Wolf,"52/68 Langosh Throughway",Poblacion,Batan,Zambales,Array,441-949-010,"(0932) 376-6723","Greenholt and Sons","Greenholt and Sons.com",Biophysicist,MidnightBlue,1987-03-21,jayden65@yahoo.com,"5/""';~f0+`"""
d156c4e3-02c1-32ce-b0ab-24a1c7856f95,Dr.,Jonas,Rath,"70 Lesch Ferry Apt. 936",Poblacion,"Bislig City","Negros Oriental",Array,401-862-683,"+63 (908) 428-4623",Stehr-Rau,Stehr-Rau.net,"Diamond Worker",Purple,1990-02-02,zchristiansen@yahoo.com,:;A:s9
2dd84109-df04-3e6c-82e4-444d7c1a41a0,Mr.,Gilberto,Casper,"77A/84 Krajcik Plain Apt. 262",Poblacion,Cataingan,Cagayan,Array,723-391-776,"+63 (916) 103-2665","Schmeler, Kuhic and Nitzsche","Schmeler, Kuhic and Nitzsche.org","Agricultural Science Technician",RosyBrown,2008-02-14,miller.destiney@gmail.com,NbCqVUaKSJ|
4be633fd-9f1b-33da-92bf-a395bfa55eb7,Dr.,Jaunita,Johnston,"43A/65 O'Connell Extensions",Poblacion,Angono,Cagayan,Array,053-822-078,"(0946) 489-8848",Jast-Cormier,Jast-Cormier.com,"Plating Operator OR Coating Machine Operator",LightSeaGreen,2024-03-06,cummings.amaya@yahoo.com,m4qp%}9y$W.r*2dE[
7f20ba31-6122-3bf4-88d8-cbdefbdbec37,Prof.,Hertha,Murazik,"49A Collins Prairie",Poblacion,Bingawan,"Davao del Norte",Array,892-700-447,"(0817) 368-3038","Volkman, Tremblay and Schultz","Volkman, Tremblay and Schultz.com","Paper Goods Machine Operator",Lime,2000-03-04,emely16@yahoo.com,l)7/*c
40645b69-5357-3b6a-8bc6-3622a1650398,Ms.,Lindsey,Sawayn,"57A Wisoky Mission Apt. 048",Poblacion,"Tacurong City","Camarines Norte",Array,670-735-590,"+63 (929) 853-2045","Altenwerth Group","Altenwerth Group.com","Telecommunications Facility Examiner",LightSlateGray,2022-06-09,johnpaul50@wiza.com,"T]qQR.Ea<c?t""umX<7y"
